pvcode,pvref,habpvr
CA,639,CFF911
CAC0,639,CFF911
CAC1,609,
CAC1,639,
CAC111,626,
CAC111,639,
CAC112,626,
CAC112,639,
CAC113,626,
CAC113,639,
CAC114,626,
CAC114,639,
CAC115,626,
CAC115,639,
CAC2,639,CFF911
CAC3,639,
CAC4,639,CFF911
CAC5,639,CES212
CAC6,639,CFF911
CAF0,622,
CAF0,639,CES321
CAF0,640,CES321
CAF2,622,
CAF2,640,CES321
CAF211,623,
CAF211,639,CES321
CAF311,623,
CAF311,639,CES321
CAF312,647,CES321
CAF312,648,CES321
CAF312,650,CES321
CAF321,626,
CAF321,639,CES321
CAF322,640,CES321
CAF323,640,CES321
CAF324,640,CES321
CAG0,639,CES321
CAG1,632,
CAG111,604,
CAG111,622,
CAG111,639,
CAG111,640,
CAG112,609,
CAG112,626,
CAG112,627,
CAG112,639,
CAG131,640,CES321
CAG132,640,CES321
CAG133,640,CES321
CAG211,623,
CAG211,639,
CAG221,626,
CAG221,639,
CAG221,640,
CAG222,640,CES321
CAG3,622,
CAG3,640,CES321
CAG311,623,
CAG311,639,CES321
CAG312,623,
CAG312,639,CES321
CAG313,647,CES321
CAG313,648,CES321
CAG313,650,CES321
CAG314,647,CES321
CAG314,648,CES321
CAG314,650,CES321
CAG4,622,
CARR,639,CES321
CARS,639,CES321
CARX,639,CES321
CAS0,639,CES321
CAS211,623,
CAS211,639,CES321
CAS212,647,CES321
CAS212,648,CES321
CAS212,650,CES321
CAS221,626,
CAS221,639,CES321
CAS311,626,
CAS311,639,CES321
CAS311,640,CES321
CAS312,640,CES321
CAS313,640,CES321
CAS411,623,
CAS411,639,CES321
CAS412,647,CES321
CAS412,648,CES321
CAS412,650,CES321
CAS421,626,
CAS421,639,CES321
CAS422,640,CES321
CAS423,640,CES321
CAS424,640,CES321
CAS511,640,CES321
CAS512,640,CES321
CAS611,640,CES321
CAS621,640,CES321
CAS622,640,CES321
CAS623,640,CES321
CAS624,640,CES321
CAS625,640,CES321
CAS626,640,CES321
CAS627,640,CES321
CAS628,640,CES321
CAS629,640,CES321
CAXX,639,CES321
CC,639,CHS211
CCC0,639,CHS211
CCC1,639,CHS211
CCC2,639,CHS211
CCF0,639,CHS211
CCF1,639,CHS211
CCF110,625,
CCF110,639,CHS123
CCF121,632,
CCF121,639,CHF122
CCF211,619,
CCF211,639,CHF211
CCF212,620,
CCF212,639,CHF211
CCF221,627,
CCF221,638,CHF211
CCF221,639,CHF222
CCF222,627,
CCF222,631,CHF211
CCF222,639,CHF211
CCF231,631,CHF211
CCF232,631,CHF211
CCFA,639,CHF222
CCM0,639,CHS621
CCM1,639,CHM111
CCM2,639,CHM111
CCM3,639,CHS123
CCS0,639,CHS621
CCS1,639,CHS421
CCS110,625,
CCS110,639,CHS421
CCS2,639,CHS512
CCS211,626,
CCS211,627,
CCS211,632,
CCS211,639,CHS512
CCS221,639,CHS512
CCS3,639,CHS610
CCS311,627,
CCS311,639,CHS610
CCS321,632,
CCS321,639,CHS610
CCS4,639,CHS621
CCS5,639,CHS610
CCS521,641,
CD,639,CDS651
CDC0,639,CDS651
CDC1,639,
CDC2,639,
CDC3,639,CDS221
CDC321,641,
CDC322,641,
CDC323,641,
CDC4,639,CDS651
CDC421,641,
CDC422,641,
CDC5,639,
CDC511,635,
CDC511,639,
CDC512,635,
CDC512,639,CDS221
CDC521,641,
CDC6,639,
CDC7,639,CDS651
CDC710,647,CDS651
CDC710,648,CDS651
CDC710,650,CDS651
CDC711,616,CDS651
CDC711,639,CDS651
CDC712,616,CDS651
CDC712,639,CDS651
CDC712,648,CDS651
CDC713,616,CDS255
CDC713,639,CDS255
CDC714,648,CDS651
CDC714,650,CDS651
CDC715,647,CDS651
CDF0,639,CDS651
CDF1,639,CDS651
CDF2,639,CDS651
CDF211,639,CDS651
CDF3,639,CDS651
CDF311,639,CDS651
CDF312,639,CDS651
CDF313,640,CDS651
CDF4,639,CDS651
CDF411,626,CDS651
CDF411,639,CDS651
CDG0,639,CDS221
CDG1,639,
CDG111,604,
CDG111,622,
CDG111,639,
CDG111,640,
CDG112,622,
CDG112,628,
CDG112,639,
CDG112,640,
CDG113,639,
CDG121,615,
CDG121,632,
CDG121,639,
CDG121,640,
CDG122,631,
CDG122,632,
CDG122,639,
CDG123,609,
CDG123,627,
CDG123,639,CDS651
CDG131,609,
CDG131,626,
CDG131,627,
CDG131,631,
CDG131,638,
CDG131,639,
CDG132,626,
CDG132,639,
CDG134,626,
CDG134,639,
CDG141,619,
CDG141,639,
CDG142,639,
CDG2,639,CDS651
CDG3,639,CDS221
CDG311,609,
CDG311,627,
CDG311,639,
CDG321,619,
CDG321,639,
CDG322,626,
CDG322,639,
CDG323,626,
CDG323,639,
CDG331,628,
CDG331,639,
CDG332,631,
CDG332,639,
CDG333,640,
CDG8,639,CDS651
CDH0,639,CDS651
CDH1,639,
CDH2,639,CDS221
CDH3,639,CDS221
CDH321,641,
CDH4,639,CDS255
CDH5,639,
CDH521,641,
CDH522,641,
CDH524,641,
CDH6,639,CDS651
CDRR,639,CDS651
CDRS,639,CDS651
CDRX,639,CDS651
CDS0,639,CDS651
CDS1,639,
CDS121,641,CDS255
CDS122,641,
CDS123,641,
CDS124,647,CDS255
CDS124,648,CDS255
CDS124,650,CDS255
CDS151,603,CDS221
CDS151,639,CDS221
CDS2,639,CDS221
CDS211,616,CDS221
CDS211,639,CDS221
CDS212,616,CDS221
CDS212,639,CDS221
CDS212,647,CDS221
CDS212,648,CDS221
CDS213,616,CDS221
CDS213,639,CDS221
CDS213,647,CDS221
CDS213,648,CDS221
CDS214,641,CDS651
CDS215,641,CDS221
CDS216,647,CDS221
CDS216,648,CDS221
CDS216,650,CDS221
CDS217,647,CDS221
CDS217,648,CDS221
CDS217,650,CDS221
CDS221,618,CDS221
CDS221,639,CDS221
CDS231,619,CDS221
CDS231,639,CDS221
CDS241,620,
CDS241,639,
CDS252,603,CDS255
CDS252,639,CDS255
CDS253,603,CDS651
CDS253,639,CDS651
CDS254,603,CDS651
CDS254,639,CDS651
CDS255,618,CDS255
CDS255,639,CDS255
CDS3,639,CDS255
CDS301,642,CDS255
CDS311,603,CDS651
CDS311,639,CDS651
CDS312,647,CDS651
CDS312,648,CDS651
CDS312,650,CDS651
CDS4,639,CDS221
CDS411,609,
CDS411,626,
CDS411,639,CDS221
CDS412,626,
CDS412,639,
CDS5,639,CDS255
CDS511,628,
CDS511,639,CDS255
CDS512,639,CDS255
CDS512,647,CDS255
CDS512,648,CDS255
CDS512,650,CDS255
CDS521,641,
CDS522,641,CDS255
CDS523,641,CDS255
CDS524,641,CDS255
CDS6,639,CDS255
CDS611,604,CDS221
CDS611,622,CDS221
CDS611,631,CDS221
CDS611,639,CDS221
CDS611,640,CDS221
CDS612,611,CDS651
CDS612,639,CDS651
CDS613,611,CDS651
CDS613,639,CDS651
CDS614,611,
CDS614,639,
CDS621,639,CDS651
CDS622,615,CDS651
CDS622,639,CDS651
CDS622,640,CDS651
CDS623,615,CDS221
CDS623,639,CDS221
CDS623,640,CDS221
CDS624,622,CDS651
CDS624,639,CDS651
CDS624,640,CDS651
CDS625,622,CDS221
CDS625,639,CDS221
CDS625,640,CDS221
CDS626,639,CDS221
CDS627,631,CDS221
CDS627,632,CDS651
CDS627,638,CDS651
CDS627,639,CDS651
CDS628,624,CDS651
CDS628,639,CDS651
CDS628,640,CDS651
CDS631,609,CDS651
CDS631,639,CDS651
CDS632,609,CDS221
CDS632,626,CDS221
CDS632,627,
CDS632,639,CDS221
CDS633,609,CDS651
CDS633,627,CDS651
CDS633,639,CDS651
CDS634,615,CDS651
CDS634,639,CDS651
CDS634,640,CDS651
CDS635,631,CDS651
CDS635,639,CDS651
CDS636,626,CDS651
CDS636,639,CDS651
CDS637,626,
CDS637,639,
CDS638,626,
CDS638,639,
CDS639,626,
CDS639,639,
CDS640,626,CDS651
CDS640,639,CDS651
CDS641,616,CDS651
CDS641,639,CDS651
CDS642,640,CDS651
CDS651,618,CDS651
CDS651,639,CDS651
CDS652,636,CDS651
CDS652,639,CDS651
CDS653,626,CDS651
CDS653,639,CDS651
CDS654,626,
CDS654,639,
CDS655,626,
CDS655,639,
CDS661,619,CDS651
CDS661,639,CDS651
CDS662,619,
CDS662,639,CDS221
CDS663,641,
CDS664,640,CDS221
CDS671,639,CDS221
CDS672,639,CDS221
CDS673,626,
CDS673,639,
CDS674,626,
CDS674,639,
CDS675,626,
CDS675,639,
CDS7,628,
CDS7,639,CDS221
CDS711,604,
CDS711,615,
CDS711,622,
CDS711,639,CDS221
CDS711,640,CDS221
CDS715,609,
CDS715,627,
CDS715,631,CDS221
CDS715,638,CDS221
CDS715,639,CDS221
CDS716,627,
CDS716,631,CDS221
CDS716,639,CDS221
CDS717,639,CDS221
CDS721,632,
CDS721,639,CDS221
CDS722,615,
CDS722,639,CDS221
CDS722,640,CDS221
CDS723,639,CDS651
CDS724,624,
CDS724,639,CDS651
CDS724,640,CDS651
CDS725,640,CDS651
CDS8,639,CDS651
CDS811,609,
CDS811,639,CDS651
CDS812,615,
CDS812,639,CDS651
CDS812,640,CDS651
CDS813,627,
CDS813,639,CDS651
CDS814,627,
CDS814,639,CDS651
CDS815,639,CDS651
CDS821,622,
CDS821,639,CDS651
CDS821,640,CDS651
CDS822,639,CDS651
CDS831,626,
CDS831,639,CDS651
CDS832,626,
CDS832,639,
CDS833,626,
CDS833,639,
CDS911,640,CDS255
CDSD,622,
CDSD,639,CDS255
CDSD,640,CDS255
CE,639,CES212
CEC0,639,CES212
CEC1,639,CES212
CEC2,639,CES212
CEF0,639,CES321
CEF1,639,CES321
CEF111,627,
CEF111,632,
CEF111,639,CES321
CEF111,640,CES321
CEF2,639,CES321
CEF2,640,CES321
CEF211,609,
CEF211,627,
CEF211,631,CES321
CEF211,639,CES321
CEF221,615,
CEF221,639,CES321
CEF221,640,CES321
CEF222,626,
CEF222,639,CES321
CEF231,639,CES321
CEF3,639,CES321
CEF311,615,
CEF311,639,CES321
CEF311,640,CES321
CEF321,618,CEF321
CEF321,639,CEF321
CEF331,622,
CEF331,639,CES321
CEF331,640,CES321
CEF332,624,
CEF332,639,CES321
CEF332,640,CES321
CEF333,624,
CEF333,639,CES321
CEF333,640,CES321
CEF334,624,
CEF334,639,CES321
CEF334,640,CES321
CEF335,624,
CEF335,639,CES321
CEF335,640,CES321
CEF336,640,CES321
CEF341,621,
CEF341,639,CES321
CEF4,639,CES321
CEF411,615,
CEF411,639,CES321
CEF411,640,CES321
CEF412,640,CES321
CEF421,627,
CEF421,639,CES321
CEF422,626,
CEF422,627,
CEF422,639,CES321
CEF423,627,
CEF423,639,CES321
CEF424,626,
CEF424,639,CES321
CEF425,640,CES321
CEF426,640,CES321
CEF431,639,CES321
CEF432,639,CES321
CEF433,639,CES321
CEF434,639,CES321
CEF435,639,CES321
CEF435,640,CES321
CEF436,640,CES321
CEF437,640,CES321
CEF441,631,CES321
CEF511,640,CES321
CEFM,639,CES321
CEFW,639,CES321
CEG0,639,CES212
CEG1,639,CEF321
CEG111,639,CEF321
CEG121,626,
CEG121,639,CEF321
CEG131,640,CEF321
CEG2,639,CES212
CEG201,640,CES212
CEG211,639,
CEG3,639,CES212
CEG310,639,
CEG311,609,
CEG311,626,
CEG311,627,
CEG311,631,CES212
CEG311,639,
CEG312,615,
CEG312,639,
CEG312,640,CES212
CEG321,639,
CEG322,639,CES212
CEG323,640,CES212
CEG411,640,CES212
CEG412,640,CES212
CEG413,640,CES212
CEG414,640,CES212
CEM0,639,CES212
CEM1,639,CES212
CEM111,617,
CEM111,639,CES321
CEM121,624,
CEM121,639,CES321
CEM121,640,CES321
CEM122,640,CES321
CEM123,640,CES321
CEM124,640,CES321
CEM125,640,CES321
CEM126,640,CES321
CEM2,639,CES321
CEM201,640,CES321
CEM211,609,
CEM211,624,
CEM211,626,
CEM211,627,
CEM211,639,CES321
CEM211,640,CES321
CEM212,639,CES321
CEM213,639,CES321
CEM221,617,
CEM221,639,CES321
CEM222,617,
CEM222,639,CES321
CEM3,639,CES212
CEM311,617,
CEM311,639,CEF321
CEM312,617,
CEM312,639,CEF321
CEM313,640,CEF321
CERR,639,CES212
CERS,639,CES212
CERX,639,CES212
CES0,639,CES212
CES1,639,CES321
CES111,609,
CES111,631,CES321
CES111,639,CES321
CES112,626,
CES112,639,CES321
CES113,626,
CES113,639,CES321
CES121,632,
CES121,639,CES321
CES131,615,
CES131,639,CES321
CES131,640,CES321
CES141,639,CES321
CES142,639,CES212
CES143,639,CES212
CES151,631,CES212
CES2,639,CES212
CES2,640,CES212
CES210,627,
CES210,639,CES212
CES211,609,
CES211,626,
CES211,627,
CES211,631,CES212
CES211,639,CES212
CES212,618,CES212
CES212,639,CES212
CES213,626,
CES213,639,
CES214,640,CES212
CES215,640,CES212
CES221,615,
CES221,622,
CES221,639,CES212
CES221,640,CES212
CES231,632,
CES231,639,CES212
CES232,639,CES321
CES3,639,CES321
CES311,604,
CES311,622,
CES311,628,
CES311,639,CES321
CES311,640,CES321
CES312,609,
CES312,631,CES321
CES312,639,CES321
CES313,627,
CES313,639,CES321
CES314,622,
CES314,639,CES321
CES314,640,CES321
CES315,615,
CES315,639,CES321
CES315,640,CES321
CES316,640,CES321
CES321,618,CES321
CES321,639,CES321
CES331,639,CES321
CES341,626,
CES341,639,CES321
CES342,626,
CES342,639,CES321
CES4,639,CES321
CES411,604,
CES411,622,
CES411,628,
CES411,639,CES321
CES411,640,CES321
CES412,609,
CES412,627,
CES412,639,CES321
CES413,609,
CES413,626,
CES413,639,
CES414,622,
CES414,639,CES321
CES414,640,CES321
CES415,615,
CES415,639,CES321
CES415,640,CES321
CES421,632,
CES421,639,CES321
CES422,626,
CES422,627,
CES422,639,CES321
CES423,626,
CES423,639,CES212
CES424,626,
CES424,639,CES321
CES425,626,
CES425,639,CEF321
CES426,626,
CES426,639,CES321
CES427,640,CES321
CES428,640,CES321
CES429,640,CES321
CES5,639,CES321
CES511,624,
CES511,639,CEF321
CES511,640,CEF321
CES6,639,CEF321
CES610,640,CEF321
CES611,609,
CES611,631,CES212
CES611,639,CES212
CES612,640,CES212
CES621,618,CES621
CES621,639,CES621
CES631,639,CES621
CES7,639,CES212
CES710,640,CES212
CES8,640,CES212
CEX104,639,CES212
CEX204,639,CES212
CF,639,CFF911
CFC0,639,CFF911
CFC1,639,CFF911
CFC121,641,
CFC151,603,CFF911
CFC151,639,CFF911
CFC2,639,CFF911
CFC221,641,
CFC251,607,
CFC251,616,CFF911
CFC251,639,CFF911
CFC251,647,CFF911
CFC3,639,CFF911
CFC311,616,CFF911
CFC311,639,CFF911
CFC311,647,CFF911
CFC311,648,CFF911
CFC4,639,CFF911
CFC411,639,CFF911
CFC412,636,
CFC412,639,CFF911
CFF0,639,CFF911
CFF1,639,CFF911
CFF111,618,CFF111
CFF111,639,CFF111
CFF141,635,
CFF141,639,CFF111
CFF151,639,CFF111
CFF152,603,CFF211
CFF152,607,CFF211
CFF152,608,CFF211
CFF152,616,CFF211
CFF152,639,CFF211
CFF152,647,CFF211
CFF152,648,CFF211
CFF153,607,
CFF153,616,CFF111
CFF153,639,CFF111
CFF153,647,CFF111
CFF154,621,
CFF154,639,CFF211
CFF155,648,CFF211
CFF155,650,CFF211
CFF161,636,
CFF161,639,CFF211
CFF162,626,
CFF162,639,CFF211
CFF2,639,CFF211
CFF211,618,CFF211
CFF211,639,CFF211
CFF221,641,CFF211
CFF250,621,CFF211
CFF250,639,CFF211
CFF251,603,CFF211
CFF251,639,CFF211
CFF252,603,CFF211
CFF252,639,CFF211
CFF253,608,
CFF253,639,CFF211
CFF254,626,
CFF254,639,CFF211
CFF3,639,CFF311
CFF311,618,CFF311
CFF311,621,
CFF311,639,CFF311
CFF312,636,
CFF312,639,CFF311
CFF321,635,
CFF321,639,CFF311
CFF4,639,CFF911
CFF450,621,
CFF450,639,CFF911
CFF5,639,CFF911
CFF6,639,CFF911
CFF611,618,CFF611
CFF611,639,CFF611
CFF612,618,CFF612
CFF612,639,CFF612
CFF613,648,CFF612
CFF613,650,CFF612
CFF911,618,CFF911
CFF911,639,CFF911
CFFM,639,CFF211
CFFS,639,CFF211
CFGO,639,CFF211
CFM0,639,CFF911
CFM1,639,CFF911
CFM111,618,CFF911
CFM111,621,
CFM111,639,CFF911
CFRR,639,CFS156
CFRS,639,CFS156
CFRX,639,CFS156
CFS0,639,CFS156
CFS1,639,CFS156
CFS110,621,
CFS110,639,CFS156
CFS151,607,
CFS151,608,
CFS151,616,CFS156
CFS151,636,
CFS151,639,CFS156
CFS151,647,CFS156
CFS151,648,CFS156
CFS152,608,
CFS152,636,
CFS152,639,CFS156
CFS154,618,CFS156
CFS154,621,
CFS154,639,CFS156
CFS155,618,CFS156
CFS155,639,CFS156
CFS156,618,CFS156
CFS156,639,CFS156
CFS2,639,CFS211
CFS211,618,CFS211
CFS211,621,
CFS211,639,CFS211
CFS212,618,CFS212
CFS212,621,
CFS212,639,CFS212
CFS213,618,CFS213
CFS213,639,
CFS214,618,CFS214
CFS214,621,
CFS214,639,CFS214
CFS215,618,CFS215
CFS215,639,CFS215
CFS216,618,CFS215
CFS216,621,
CFS216,636,
CFS216,639,CFS215
CFS217,618,CFS217
CFS217,639,CFS217
CFS218,618,CFS218
CFS218,621,
CFS218,639,CFS219
CFS219,618,CFS219
CFS219,639,CFS219
CFS220,618,CFS212
CFS220,639,CFS212
CFS221,621,
CFS221,639,CFS212
CFS222,621,
CFS222,639,CFS212
CFS223,621,
CFS223,639,CFS212
CFS224,621,
CFS224,639,CFS212
CFS225,621,
CFS225,639,CFS217
CFS226,621,
CFS226,639,CFS217
CFS228,621,
CFS228,639,CFS217
CFS229,621,
CFS229,639,CFS217
CFS230,621,
CFS230,639,CFS212
CFS231,621,
CFS231,639,CFF611
CFS232,626,
CFS232,639,CFS212
CFS233,626,
CFS233,639,CFS212
CFS234,626,
CFS234,639,CFS212
CFS241,636,
CFS241,639,CFS212
CFS242,636,
CFS242,639,CFS212
CFS251,603,CFS211
CFS251,607,
CFS251,608,
CFS251,616,CFS211
CFS251,639,CFS211
CFS251,647,CFS211
CFS251,648,CFS211
CFS252,639,CFS211
CFS253,603,CFS212
CFS253,607,
CFS253,616,CFS212
CFS253,639,CFS212
CFS253,647,CFS212
CFS254,607,
CFS254,608,
CFS254,616,CFS212
CFS254,639,CFS212
CFS254,647,CFS212
CFS254,648,CFS212
CFS255,607,
CFS255,608,
CFS255,616,CFS212
CFS255,639,CFS212
CFS255,647,CFS212
CFS255,648,CFS212
CFS256,607,
CFS256,608,
CFS256,616,CFS212
CFS256,639,CFS212
CFS256,647,CFS212
CFS256,648,CFS212
CFS257,608,
CFS257,639,CFS212
CFS258,609,
CFS258,639,CFS212
CFS259,639,CFS212
CFS260,639,CFS212
CFS3,639,CFS311
CFS311,618,CFS311
CFS311,639,CFS311
CFS321,636,
CFS321,639,CFS311
CFS351,607,
CFS351,608,
CFS351,616,CFS311
CFS351,626,
CFS351,639,CFS311
CFS351,647,CFS311
CFS351,648,CFS311
CFS352,621,
CFS352,639,CFS311
CFS4,639,CFS212
CFS411,636,
CFS411,639,CFF211
CFS412,639,CFF211
CFS413,626,
CFS413,639,CFF211
CFS5,639,
CFS541,636,
CFS541,639,CFS212
CFS542,626,
CFS542,639,CFS212
CFS550,608,
CFS550,636,
CFS550,639,CFS212
CFS551,607,
CFS551,616,CFF311
CFS551,639,CFF311
CFS551,647,CFF311
CFS552,607,
CFS552,616,CFF211
CFS552,639,CFF211
CFS552,647,CFF211
CFS553,609,
CFS553,639,CFS612
CFS554,621,
CFS554,639,CFS612
CFS555,621,
CFS555,639,CFS612
CFS556,626,
CFS556,639,CFS611
CFS558,639,CFS611
CFS6,639,CFS611
CFS611,618,CFS611
CFS611,639,CFS611
CFS612,618,CFS612
CFS612,639,CFS612
CFS621,626,
CFS621,639,CFS612
CFS651,607,
CFS651,616,CFS612
CFS651,639,CFS612
CFS651,647,CS612
CFS652,607,
CFS652,616,CFS612
CFS652,639,CFS612
CFS652,647,CFS612
CFS653,607,
CFS653,616,CFF311
CFS653,639,CFF311
CFS653,647,CFF311
CFS654,603,CFS612
CFS654,607,
CFS654,616,CFS612
CFS654,639,CFS612
CFS654,647,CFS612
CFSC,639,CFS611
CFSD,639,CFS611
CFSF,639,CFS611
CFSM,639,CFS611
CH,639,CHS621
CHC0,639,CHS621
CHC1,639,CHS621
CHC2,639,CHS621
CHC211,639,CHS621
CHC212,613,
CHC212,614,
CHC212,639,CHS121
CHC213,613,
CHC213,639,CHS121
CHC221,641,
CHC3,639,
CHC311,619,
CHC311,639,CHF211
CHC321,641,
CHC322,641,
CHC4,639,CHF122
CHC421,641,
CHC5,639,CHF122
CHC521,641,
CHC551,603,CHF122
CHC551,639,CHF122
CHC552,603,CHF122
CHC552,639,CHF122
CHC553,603,CHF211
CHC553,639,CHF211
CHC6,639,
CHC621,641,
CHF0,639,CHF211
CHF1,639,CHF122
CHF110,647,CHF112
CHF110,648,CHF112
CHF110,650,CHF112
CHF111,616,CHF112
CHF111,639,CHF112
CHF112,618,CHF112
CHF112,639,CHF112
CHF120,641,
CHF121,612,CHF121
CHF121,639,CHF121
CHF122,603,CHF122
CHF122,612,CHF122
CHF122,639,CHF122
CHF123,614,
CHF123,639,CHF122
CHF124,603,CHF131
CHF124,613,
CHF124,614,
CHF124,639,CHF131
CHF125,613,
CHF125,636,
CHF125,639,CHF131
CHF131,618,CHF131
CHF131,639,CHF131
CHF132,618,CHF132
CHF132,621,
CHF132,639,CHF132
CHF133,621,
CHF133,639,CHF122
CHF134,621,
CHF134,639,CHF122
CHF135,639,
CHF141,648,CHF112
CHF141,650,CHF112
CHF142,648,CHF132
CHF142,650,CHF132
CHF150,647,CHF132
CHF150,648,CHF132
CHF150,650,CHF132
CHF151,616,CHF122
CHF151,639,CHF122
CHF2,639,
CHF211,618,CHF211
CHF211,639,CHF211
CHF220,647,CHF211
CHF220,648,CHF211
CHF220,650,CHF211
CHF221,613,
CHF221,614,
CHF221,616,CHF211
CHF221,636,
CHF221,639,CHF211
CHF221,647,CHF211
CHF221,648,CHF211
CHF222,613,
CHF222,639,CHF211
CHF223,626,
CHF223,639,CHF211
CHF231,648,CHF211
CHF231,650,CHF211
CHF232,648,CHF211
CHF232,650,CHF211
CHF250,621,
CHF250,639,CHF211
CHF3,639,CHF211
CHF311,627,CHF211
CHF311,638,CHF211
CHF311,639,CHF211
CHF312,627,
CHF312,639,CHF211
CHF313,626,
CHF313,639,CHF211
CHF321,616,CHF211
CHF321,639,CHF211
CHF321,647,CHF211
CHF321,648,CHF211
CHF4,639,CHF122
CHF421,613,
CHF421,639,CHF122
CHF422,627,
CHF422,639,CHF122
CHF5,639,CHF511
CHF511,618,CHF511
CHF511,639,CHF511
CHF521,627,
CHF521,639,CHF511
CHF531,635,
CHF531,639,CHF511
CHF911,618,CHF911
CHF911,639,CHF911
CHH0,639,CHF911
CHH1,639,CHF122
CHH121,641,
CHH122,641,
CHH123,641,
CHH2,639,CHF122
CHH3,639,CHF122
CHH321,641,
CHH351,603,CHF122
CHH351,639,CHF122
CHH4,639,CHS421
CHH5,639,CHF122
CHM0,639,CHS121
CHM1,639,CHM111
CHM111,618,CHM111
CHM111,621,
CHM111,639,CHM111
CHM121,613,
CHM121,614,
CHM121,626,
CHM121,639,CHM111
CHM121,647,CHM111
CHS0,639,CHS123
CHS1,639,CHS123
CHS110,647,CHS123
CHS110,648,CHS123
CHS110,650,CHS123
CHS111,616,CHS123
CHS111,639,CHS123
CHS112,639,CHS123
CHS113,616,CHS121
CHS113,639,CHS121
CHS114,616,CHS121
CHS114,639,CHS121
CHS117,641,
CHS118,641,
CHS119,641,
CHS121,612,CHS121
CHS121,639,CHS121
CHS122,612,CHS122
CHS122,639,CHS122
CHS123,612,CHS123
CHS123,639,CHS123
CHS124,614,
CHS124,616,CHS121
CHS124,639,
CHS125,613,
CHS125,614,
CHS125,616,CHS121
CHS125,639,CHS121
CHS126,613,
CHS126,614,
CHS126,639,CHS121
CHS127,613,
CHS127,639,CHS131
CHS128,613,CHS131
CHS128,636,CHS131
CHS128,639,CHS131
CHS129,639,CHS131
CHS130,639,CHS138
CHS131,618,CHS131
CHS131,621,CHS131
CHS131,639,CHS131
CHS132,618,CHS132
CHS132,621,CHS132
CHS132,639,CHS132
CHS133,618,CHS133
CHS133,639,CHS133
CHS134,618,CHS134
CHS134,639,CHS134
CHS135,618,CHS131
CHS135,621,
CHS135,639,CHS131
CHS136,618,CHS136
CHS136,639,CHS136
CHS137,618,CHS137
CHS137,639,
CHS138,618,CHS138
CHS138,621,
CHS138,639,CHS138
CHS139,618,CHS139
CHS139,639,CHS139
CHS140,621,
CHS140,639,CHS131
CHS141,621,
CHS141,639,CHS138
CHS142,626,
CHS142,639,CHS138
CHS143,626,
CHS143,639,CHS138
CHS144,626,
CHS144,639,CHS138
CHS151,648,CHS121
CHS151,650,CHS121
CHS152,648,CHS121
CHS152,650,CHS121
CHS153,648,CHS121
CHS153,650,CHS121
CHS154,648,CHS121
CHS154,650,CHS121
CHS155,648,CHS121
CHS155,650,CHS121
CHS156,648,CHS139
CHS156,650,CHS139
CHS157,648,CHS131
CHS157,650,CHS131
CHS158,647,CHS121
CHS158,648,CHS121
CHS158,650,CHS121
CHS159,647,CHS121
CHS159,648,CHS121
CHS159,650,CHS121
CHS160,647,CHS121
CHS160,648,CHS121
CHS160,650,CHS121
CHS161,647,CHS121
CHS161,648,CHS121
CHS161,650,CHS121
CHS162,647,CHS121
CHS162,648,CHS121
CHS162,650,CHS121
CHS163,647,CHS121
CHS163,648,CHS121
CHS163,650,CHS121
CHS164,647,CHS139
CHS164,648,CHS139
CHS164,650,CHS139
CHS2,639,CHS221
CHS211,635,
CHS211,639,CHS221
CHS219,641,
CHS220,641,
CHS221,612,CHS221
CHS221,639,CHS221
CHS222,603,CHS222
CHS222,612,CHS222
CHS222,639,CHS222
CHS222,648,CHS222
CHS223,614,
CHS223,639,CHS221
CHS224,613,
CHS224,639,CHS221
CHS225,626,
CHS225,639,CHS221
CHS226,626,
CHS226,639,CHS138
CHS227,626,
CHS227,639,CHS138
CHS228,647,CHS222
CHS228,650,CHS222
CHS230,648,CHS222
CHS230,650,CHS222
CHS231,648,CHS222
CHS231,650,CHS222
CHS232,647,CHS222
CHS251,621,
CHS251,639,CHS138
CHS3,639,CHS321
CHS311,639,CHS321
CHS312,639,CHS321
CHS313,639,CHS321
CHS314,648,CHS321
CHS314,650,CHS321
CHS319,641,
CHS320,641,
CHS321,603,CHS321
CHS321,612,CHS321
CHS321,639,CHS321
CHS322,603,CHS322
CHS322,612,CHS322
CHS322,639,CHS322
CHS322,648,CHS322
CHS323,612,CHS323
CHS323,639,CHS323
CHS323,648,CHS323
CHS324,612,CHS324
CHS324,639,CHS324
CHS324,648,CHS324
CHS325,614,
CHS325,639,CHS332
CHS326,614,
CHS326,616,CHS324
CHS326,639,CHS324
CHS326,647,CHS324
CHS327,614,
CHS327,639,CHS322
CHS328,614,
CHS328,639,CHS321
CHS329,635,
CHS329,639,CHS331
CHS331,618,CHS331
CHS331,639,CHS331
CHS332,618,CHS332
CHS332,639,CHS332
CHS333,618,CHS333
CHS333,639,CHS333
CHS334,618,CHS334
CHS334,639,CHS334
CHS335,618,CHS335
CHS335,639,CHS335
CHS350,647,CHS334
CHS350,648,CHS334
CHS350,650,CHS334
CHS351,616,CHS334
CHS351,639,CHS334
CHS352,616,CHS333
CHS352,639,CHS333
CHS353,616,CHS332
CHS353,639,CHS332
CHS354,616,CHS331
CHS354,639,CHS331
CHS354,647,CHS331
CHS355,616,CHS331
CHS355,639,CHS331
CHS355,647,CHS331
CHS356,647,CHS331
CHS356,648,CHS331
CHS356,650,CHS331
CHS357,647,CHS331
CHS357,648,CHS331
CHS357,650,CHS331
CHS4,639,CHS421
CHS411,627,CHS421
CHS411,639,CHS421
CHS420,641,CHS421
CHS421,612,CHS421
CHS421,639,CHS421
CHS421,648,CHS421
CHS422,612,CHS422
CHS422,639,CHS422
CHS422,648,CHS422
CHS423,612,CHS423
CHS423,639,CHS423
CHS423,648,CHS423
CHS5,639,CHS512
CHS511,616,CHS512
CHS511,639,CHS512
CHS512,618,CHS512
CHS512,639,CHS512
CHS513,621,
CHS513,639,CHS521
CHS514,636,
CHS514,639,CHS521
CHS521,612,CHS521
CHS521,639,CHS521
CHS521,648,CHS521
CHS522,614,CHS521
CHS522,639,CHS521
CHS522,647,CHS521
CHS523,614,CHS521
CHS523,639,CHS521
CHS524,613,CHS521
CHS524,639,CHS521
CHS525,647,CHS521
CHS6,639,CHS610
CHS609,641,
CHS610,612,CHS610
CHS610,639,CHS610
CHS610,648,CHS610
CHS611,614,
CHS611,639,CHS610
CHS611,647,CHS610
CHS612,614,
CHS612,639,CHS622
CHS613,613,
CHS613,614,
CHS613,639,CHS610
CHS613,647,CHS610
CHS614,613,
CHS614,614,
CHS614,639,CHS610
CHS614,647,CHS610
CHS615,613,
CHS615,614,
CHS615,616,CHS610
CHS615,639,CHS610
CHS615,647,CHS610
CHS616,648,CHS610
CHS616,650,CHS610
CHS621,618,CHS621
CHS621,621,
CHS621,639,CHS621
CHS622,618,CHS622
CHS622,621,
CHS622,639,CHS621
CHS623,618,CHS623
CHS623,639,CHS621
CHS624,618,CHS624
CHS624,639,CHS624
CHS625,621,
CHS625,639,CHS624
CHS626,621,
CHS626,639,CHS624
CHS7,639,CHS331
CHS711,627,
CHS711,639,CHS621
CHS8,639,CHS331
CHS821,641,
CHSC,639,CHS331
CHSD,639,CHS121
CHSF,639,CHS121
CHSM,639,CHS331
CHZ412,639,CHS521
CHZ612,639,CHS521
CJ,639,
CJC0,639,
CJC1,640,
CJG0,639,
CJG1,602,
CJG1,639,
CJG111,602,
CJG111,604,
CJG111,615,
CJG111,622,
CJG111,639,
CJG111,640,
CJG112,602,
CJG112,639,
CJG113,640,
CJG2,602,
CJG2,639,
CJRR,639,
CJRS,639,
CJRX,639,
CJS0,639,
CJS1,622,
CJS1,639,
CJS1,640,
CJS111,604,
CJS111,639,
CJS111,640,
CJS112,605,
CJS112,639,
CJS112,640,
CJS2,622,
CJS2,639,
CJS2,640,
CJS211,604,
CJS211,639,
CJS211,640,
CJS212,610,
CJS212,639,
CJS213,610,
CJS213,639,
CJS221,602,
CJS221,639,
CJS222,602,
CJS222,639,
CJS223,602,
CJS223,639,
CJS224,602,
CJS224,639,
CJS225,602,
CJS225,639,
CJS226,610,
CJS226,639,
CJS231,610,
CJS231,639,
CJS232,610,
CJS232,639,
CJS236,602,
CJS236,639,
CJS291,610,
CJS291,639,
CJS292,610,
CJS292,639,
CJS3,602,
CJS3,639,
CJS311,611,
CJS311,639,
CJS321,622,
CJS321,639,
CJS321,640,
CJS4,622,
CJS4,639,
CJS41,640,
CJS42,640,
CJS5,640,
CJS8,622,
CJS8,639,
CJS8,640,
CJS811,604,
CJS811,639,
CJS811,640,
CJSB,639,
CJSB11,610,
CJSB11,639,
CL,639,CES321
CLC0,639,CES321
CLC1,639,CES321
CLC111,605,
CLC111,639,CES321
CLC112,605,
CLC112,639,CES321
CLC2,639,CES321
CLC201,642,CES321
CLC3,639,CES651
CLC4,639,CES651
CLC5,639,CES651
CLC521,641,
CLC601,642,CES321
CLC721,641,
CLF0,639,CES321
CLF1,639,CES321
CLF111,606,
CLF111,639,CES321
CLF211,615,
CLF211,639,CDS651
CLF211,640,CDS651
CLG0,639,CDS651
CLG1,639,
CLG11,640,CDS651
CLG111,639,
CLG2,622,
CLG2,639,
CLG21,640,
CLG211,604,
CLG211,639,
CLG211,640,CES321
CLG3,639,
CLG311,611,
CLG311,639,
CLG312,639,
CLG313,611,
CLG313,639,
CLG314,611,
CLG314,639,
CLG315,605,
CLG315,639,
CLG321,639,
CLG322,640,
CLG4,639,CDS651
CLG411,611,
CLG411,639,CDS651
CLG412,611,
CLG412,639,CDS651
CLG413,611,
CLG413,639,
CLG415,605,
CLG415,639,
CLH0,639,CDS651
CLH1,639,CDS651
CLH111,605,CDS651
CLH111,639,CDS651
CLM0,639,CDS651
CLM1,639,CDS651
CLM101,642,CES321
CLM111,611,CDS651
CLM111,639,
CLM112,617,CDS651
CLM112,624,CDS651
CLM112,639,CDS651
CLM112,640,CDS651
CLM113,617,CDS651
CLM113,639,CDS651
CLM114,617,CDS651
CLM114,624,CDS651
CLM114,639,CDS651
CLM114,640,CDS651
CLM115,624,CDS651
CLM115,639,CDS651
CLM115,640,CDS651
CLM116,640,CDS651
CLM117,640,CDS651
CLM118,640,CDS651
CLM2,639,CDS651
CLM211,611,CDS651
CLM211,617,CDS651
CLM211,639,CDS651
CLM3,639,CDS651
CLM311,611,CDS651
CLM311,617,CDS651
CLM311,639,CDS651
CLM312,617,CDS651
CLM312,639,CDS651
CLM313,617,CDS651
CLM313,639,CDS651
CLM314,617,CDS651
CLM314,639,CDS651
CLM411,611,CDS651
CLM411,639,CDS651
CLM511,640,CDS651
CLM9,639,CDS651
CLM911,617,CDS651
CLM911,639,CDS651
CLRR,639,CDS651
CLRS,639,CDS651
CLRX,639,CDS651
CLS0,639,CDS651
CLS1,639,CDS651
CLS111,611,CDS651
CLS111,639,CDS651
CLS112,611,CDS651
CLS112,639,CDS651
CLS2,639,CDS651
CLS211,611,CDS651
CLS211,639,CDS651
CLS212,611,CDS651
CLS212,639,CDS651
CLS213,611,CDS651
CLS213,639,CDS651
CLS214,611,CDS651
CLS214,639,CDS651
CLS215,611,CDS651
CLS215,639,CDS651
CLS216,611,
CLS216,639,
CLS3,639,CES321
CLS301,642,CES321
CLS311,611,CES321
CLS311,639,CES321
CLS4,622,CES321
CLS4,639,CES321
CLS411,604,CES321
CLS411,639,CES321
CLS411,640,CES321
CLS412,611,CES321
CLS412,639,CES321
CLS413,606,CES321
CLS413,639,CES321
CLS414,606,
CLS414,639,
CLS415,615,
CLS415,628,
CLS415,639,CES321
CLS415,640,CES321
CLS416,622,
CLS416,628,
CLS416,639,
CLS416,640,CES321
CLS417,640,
CLS418,640,CEF321
CLS421,639,CES321
CLS422,639,CES321
CLS5,622,
CLS5,639,
CLS5,640,CES321
CLS511,604,
CLS511,639,CDS651
CLS511,640,CES321
CLS512,640,
CLS513,640,CDS651
CLS514,640,CDS651
CLS515,615,
CLS515,628,
CLS515,639,CDS651
CLS515,640,CES321
CLS516,640,CES321
CLS519,640,CES321
CLS521,627,
CLS521,639,CES321
CLS531,641,
CLS57,640,CDS651
CLS58,640,CSS651
CLS6,622,
CLS6,639,CES321
CLS8,639,CHS610
CLS811,634,CHS610
CLS811,639,CHS610
CLS812,634,CHS610
CLS812,639,CHS610
CLS821,634,CHS610
CLS821,639,CHS610
CLS822,634,CHS610
CLS822,639,CHS610
CLS823,634,CHS610
CLS823,639,CHS610
CLS831,634,CHS610
CLS831,639,CHS610
CLS832,642,CES321
CLS911,611,
CLS911,639,CHS610
CLSM,639,CES321
CLX104,639,CES321
CLX120,639,CES321
CLX204,639,CES321
CLX220,639,CES321
CLX320,639,CES321
CLX420,639,CES321
CLX520,639,CES321
CM,639,CMS242
CMC0,639,CMS242
CMC1,639,CMS242
CMC151,603,CMS242
CMC151,639,CMS242
CMC2,639,CMS242
CMC221,641,
CMC222,641,
CMC3,639,CES321
CMC311,635,
CMC311,639,CES321
CMC312,635,CES321
CMC312,639,CES321
CMC313,635,CES321
CMC313,639,CES321
CMF0,639,CEF911
CMF021,641,
CMF1,639,CES321
CMF111,635,CES321
CMF111,639,CES321
CMF121,632,CES321
CMF121,639,CES321
CMF131,626,CES321
CMF131,639,CES321
CMF2,639,CEF911
CMF250,621,CEF911
CMF250,639,CEF911
CMF251,621,CEF911
CMF251,639,CEF911
CMF3,639,CEF911
CMFC,639,CEF911
CMG0,639,CEF911
CMG1,639,
CMG2,639,CEF321
CMG211,616,CEF321
CMG211,639,CEF321
CMG211,648,CEF321
CMG212,647,CEF321
CMG212,648,CEF321
CMG212,650,CEF321
CMG221,626,
CMG221,639,CEF321
CMG3,639,CEF321
CMRR,639,CEF911
CMRS,639,CEF911
CMRX,639,CEF911
CMS0,639,CEF911
CMS1,639,CEF911
CMS111,606,CES321
CMS111,611,CES321
CMS111,639,CES321
CMS113,639,CES321
CMS114,607,CES321
CMS114,616,CES321
CMS114,623,CES321
CMS114,639,CES321
CMS115,639,CES321
CMS116,641,CES321
CMS117,647,CES321
CMS117,648,CES321
CMS117,650,CES321
CMS118,647,CES321
CMS118,648,CES321
CMS118,650,CES321
CMS121,626,CES321
CMS121,639,CES321
CMS122,626,CES321
CMS122,639,CES321
CMS131,615,CES321
CMS131,639,CES321
CMS131,640,CES321
CMS141,641,CEF911
CMS2,639,CMS242
CMS210,608,CMS242
CMS210,639,CMS242
CMS211,639,CMS242
CMS212,639,CMS242
CMS213,639,CMS242
CMS214,639,CMS242
CMS215,639,CMS242
CMS216,607,CMS242
CMS216,616,CMS242
CMS216,623,CMS242
CMS216,639,CMS242
CMS218,623,CMS242
CMS218,639,CMS242
CMS219,641,CMS242
CMS220,632,CMS242
CMS220,639,CMS242
CMS221,608,CMS242
CMS221,623,CMS242
CMS221,639,CMS242
CMS223,608,CMS242
CMS223,623,CMS242
CMS223,639,CMS242
CMS224,647,CMS242
CMS224,648,CMS242
CMS224,650,CMS242
CMS225,647,CMS242
CMS225,648,CMS242
CMS225,650,CMS242
CMS226,647,CMS242
CMS226,648,CMS242
CMS226,650,CMS242
CMS227,647,CMS242
CMS227,648,CMS242
CMS227,650,CMS242
CMS228,647,CMS242
CMS228,648,CMS242
CMS228,650,CMS242
CMS229,647,CMS242
CMS229,648,CMS242
CMS229,650,CMS242
CMS231,615,CMS242
CMS231,639,CMS242
CMS231,640,CMS242
CMS241,618,CMS242
CMS241,621,CMS242
CMS241,639,CMS242
CMS242,618,CMS242
CMS242,639,CMS242
CMS243,618,CMS242
CMS243,639,CMS242
CMS244,618,CMS242
CMS244,621,CMS242
CMS244,639,CMS242
CMS245,618,CMS242
CMS245,621,CMS242
CMS245,639,CMS242
CMS246,621,CMS242
CMS246,639,CMS242
CMS250,621,CMS242
CMS250,639,CMS242
CMS251,621,CMS242
CMS251,639,CMS242
CMS252,621,CMS242
CMS252,639,CMS242
CMS253,621,CMS242
CMS253,639,CMS242
CMS254,621,CMS242
CMS254,639,CMS242
CMS255,621,CMS242
CMS255,639,CMS242
CMS256,626,CMS242
CMS256,639,CMS242
CMS257,626,CMS242
CMS257,639,CMS242
CMS258,626,CMS242
CMS258,639,CMS242
CMS259,626,CMS242
CMS259,639,CMS242
CMS3,639,CMS242
CMS311,618,CMS242
CMS311,639,CMS242
CMS312,618,CMS242
CMS312,639,CMS242
CMS323,639,CMS242
CMS350,621,CEF321
CMS350,639,CEF321
CMS351,621,CMS242
CMS351,639,CMS242
CMS352,621,CMS242
CMS352,639,CMS242
CMS353,621,CEF321
CMS353,639,CEF321
CMS354,626,CEF321
CMS354,639,CEF321
CMS355,626,CMS242
CMS355,639,CMS242
CMS356,626,CMS242
CMS356,639,CMS242
CMS4,639,CMS242
CMS450,621,CMS242
CMS450,639,CMS242
CMS5,639,CMS242
CMS6,639,CMS242
CMS611,639,CMS242
CMS612,616,CMS242
CMS612,623,
CMS612,639,CMS242
CMS613,647,CMS242
CMS613,648,CMS242
CMS613,650,CMS242
CMS621,641,
CMSC,639,CMS242
CP,639,
CPC0,639,
CPC1,639,CDS651
CPC121,641,
CPC122,641,
CPC123,641,
CPC2,639,
CPC211,605,
CPC211,639,
CPC212,640,CDS651
CPC3,639,CDS651
CPC4,639,
CPC421,641,
CPC422,641,
CPC423,641,
CPC424,641,
CPC425,641,
CPC5,639,
CPC6,639,CDS651
CPC611,635,
CPC611,639,
CPC612,635,
CPC612,639,
CPC613,635,
CPC613,639,CDS651
CPC614,635,
CPC614,639,
CPC621,641,
CPF0,639,
CPF111,605,
CPF111,611,
CPF111,639,
CPF121,635,
CPF121,639,CDS651
CPF131,635,CDS651
CPG0,639,
CPG1,639,
CPG111,604,
CPG111,622,
CPG111,639,
CPG111,640,
CPG112,604,
CPG112,622,
CPG112,639,
CPG112,640,
CPG121,631,
CPG121,632,
CPG121,638,
CPG121,639,
CPG122,631,
CPG122,632,
CPG122,638,
CPG122,639,
CPG123,632,
CPG123,639,
CPG124,639,
CPG131,615,
CPG131,639,
CPG131,640,
CPG132,615,
CPG132,639,
CPG132,640,
CPG133,639,
CPG134,639,
CPG141,626,
CPG141,639,
CPG142,626,
CPG142,639,
CPG151,638,
CPG2,639,
CPG212,611,
CPG212,639,
CPG221,622,
CPG221,639,
CPG221,640,
CPG222,622,
CPG222,639,
CPG222,640,
CPG231,626,
CPG231,639,
CPG3,639,
CPG311,639,
CPG6,639,
CPH0,639,
CPH1,639,
CPH2,639,
CPH211,619,
CPH211,639,CDS651
CPH212,619,
CPH212,639,
CPH221,641,
CPH3,639,
CPH311,605,
CPH311,639,
CPH4,639,
CPM0,639,
CPM1,639,
CPM111,604,
CPM111,639,CDS651
CPM111,640,CDS651
CPM112,624,
CPM112,639,CDS651
CPM112,640,
CPRR,639,CDS651
CPRS,639,CDS651
CPRX,639,CDS651
CPS0,639,
CPS1,622,
CPS1,639,
CPS111,606,
CPS111,611,
CPS111,639,
CPS112,611,
CPS112,639,
CPS121,605,
CPS121,639,
CPS131,622,
CPS131,639,
CPS131,640,
CPS132,640,
CPS2,639,
CPS211,605,
CPS211,606,
CPS211,610,
CPS211,611,
CPS211,639,
CPS212,606,
CPS212,611,
CPS212,639,
CPS213,611,
CPS213,639,
CPS214,611,
CPS214,639,
CPS215,611,
CPS215,639,
CPS216,611,
CPS216,639,
CPS217,605,
CPS217,611,
CPS217,639,
CPS218,611,
CPS218,639,
CPS221,604,
CPS221,622,
CPS221,639,
CPS221,640,
CPS222,622,
CPS222,639,
CPS222,640,
CPS223,639,
CPS224,639,
CPS226,622,
CPS226,639,
CPS226,640,
CPS227,631,
CPS227,632,
CPS227,635,
CPS227,638,
CPS227,639,
CPS228,631,
CPS228,635,
CPS228,639,
CPS229,631,
CPS229,640,
CPS231,615,
CPS231,639,
CPS231,640,
CPS232,622,
CPS232,639,
CPS232,640,
CPS233,622,
CPS233,639,CDS651
CPS233,640,
CPS234,622,
CPS234,639,
CPS234,640,
CPS241,626,
CPS241,639,
CPS3,639,
CPS311,611,
CPS311,639,
CPS312,611,
CPS312,639,
CPS314,611,
CPS314,639,
CPS4,639,
CPS5,639,
CPS511,617,
CPS511,624,
CPS511,639,
CPS511,640,
CPS512,639,
CPS521,631,
CPS521,632,
CPS521,638,
CPS521,639,
CPS522,615,
CPS522,639,
CPS522,640,
CPS523,615,
CPS523,639,CDS651
CPS523,640,
CPS524,622,
CPS524,639,
CPS524,640,
CPS525,622,
CPS525,639,
CPS525,640,
CPS526,639,
CPS527,639,
CPS6,639,CDS651
CPS61,640,CDS651
CPS7,639,CDS651
CPS721,632,
CPS721,639,CDS651
CPS722,640,
CPS8,640,CDS651
CPS9,640,CDS651
CPX104,639,CDS651
CPX120,639,CDS651
CPX204,639,CDS651
CPX220,639,CDS651
CPX304,639,CDS651
CPX320,639,CDS651
CPX404,639,CDS651
CPX420,639,CDS651
CPX504,639,CDS651
CPX520,639,CDS651
CPY104,639,CDS651
CQ,639,
CQC121,641,
CQF021,641,
CQH121,641,
CQM111,640,CDS651
CR,639,
CRC0,639,
CRC1,639,
CRC2,639,
CRC3,639,
CRC321,641,
CRC322,641,
CRC323,641,
CRC324,641,
CRC421,641,
CRC521,641,
CRF0,639,
CRF021,641,
CRF1,639,
CRF2,639,
CRG0,639,
CRG111,606,
CRG111,639,
CRH0,639,
CRH1,639,
CRS0,639,
CRS1,639,
CRS111,611,
CRS111,639,
CRS112,606,
CRS112,639,
CRS2,639,
CRS3,639,
CRS311,606,
CRS311,639,
CRS313,639,
CRS4,639,
CRS421,641,
CRS521,641,
CS,639,CSS221
CSC0,639,CSS221
CSC121,641,
CSF0,639,CSS221
CSF1,639,CSF111
CSF111,618,
CSF111,639,CSF111
CSF121,612,CSF121
CSF121,639,CSF121
CSF121,648,CFS121
CSF2,639,CSF121
CSF3,639,CSF121
CSF321,612,CSF321
CSF321,639,CSF321
CSF321,648,CSF321
CSH0,639,CSS221
CSH1,639,CSS221
CSH2,639,CSS221
CSH3,639,CSS221
CSH401,642,CSS221
CSM0,639,CSS221
CSM1,639,CSS221
CSS0,639,CSS221
CSS1,639,CSS221
CSS101,642,CSS221
CSS2,639,CSS221
CSS221,612,CSS221
CSS221,639,CSS221
CSS3,639,CSS321
CSS321,612,CSS321
CSS321,639,CSS321
CSS321,648,CSS321
CSS322,642,CSS321
CSS323,641,
CSS4,639,CSS321
CSS411,634,CSS321
CSS411,639,CSS321
CSS412,634,CSS321
CSS412,639,CSS321
CSS421,634,CSS321
CSS421,639,CSS321
CSS422,634,CSS321
CSS422,639,CSS321
CSS5,639,CSS521
CSS521,612,CSS521
CSS521,639,CSS521
CSS521,648,CSS521
CSS522,612,CSS522
CSS522,639,CSS522
CSS522,648,CSS522
CSS6,639,CSS621
CSS621,612,CSS621
CSS621,639,CSS621
CSS7,639,CSS221
CT,639,CHS123
CT,641,CHS123
CTC121,641,
CTC221,641,
CTC222,641,
CTH0,639,
CTH1,639,
CTH121,641,
CTH2,639,
CTS0,639,
CTS1,639,
CTS121,641,
CTS2,639,
CTS221,641,
CTS3,639,
CTS321,641,
CTS404,642,CHS123
CTS521,641,
CW,639,
CWC0,639,
CWC1,639,
CWC111,605,
CWC111,639,
CWC2,639,
CWC211,611,
CWC211,639,
CWC212,611,
CWC212,639,
CWC213,611,
CWC213,639,
CWC214,639,
CWC215,606,
CWC215,639,
CWC221,641,
CWC3,639,
CWC311,605,
CWC311,639,
CWC4,639,
CWC411,605,
CWC411,639,
CWC412,605,
CWC412,639,
CWC5,639,
CWC511,619,
CWC511,639,CES321
CWC521,641,
CWC6,639,
CWC621,641,
CWC622,641,
CWC7,639,
CWC721,641,
CWC722,641,
CWC723,641,
CWC8,639,
CWC811,622,
CWC811,639,CHF211
CWC811,640,CHF211
CWC812,622,
CWC812,631,CHF211
CWC812,639,CHF211
CWC812,640,CHF211
CWC9,639,CES321
CWC911,639,CES321
CWF0,639,
CWF1,639,
CWF2,639,
CWF211,616,CHF211
CWF211,639,CHF211
CWF211,647,CHF211
CWF3,639,
CWF311,604,
CWF311,615,
CWF311,639,CHF211
CWF311,640,CHF211
CWF312,622,
CWF312,639,CHF211
CWF312,640,CHF211
CWF313,631,CHF211
CWF313,638,CHF211
CWF313,639,CHF211
CWF321,619,
CWF321,639,CHF211
CWF4,639,
CWF421,615,
CWF421,622,
CWF421,639,CHF211
CWF421,640,CHF211
CWF422,615,
CWF422,639,CHF211
CWF422,640,CHF211
CWF423,639,CHF211
CWF424,640,CHF211
CWF431,617,
CWF431,639,
CWF444,626,
CWF444,639,CHF211
CWF444,640,CHF211
CWF5,639,
CWF511,615,
CWF511,639,CHF211
CWF511,640,CHF211
CWF512,622,
CWF512,639,CHF211
CWF512,640,CHF211
CWF521,619,CHF211
CWF521,639,CHF211
CWF522,619,CHF211
CWF522,639,CHF211
CWF523,619,CHF211
CWF523,639,CHF211
CWF524,626,CHF211
CWF524,639,CHF211
CWF531,639,CHF511
CWF532,639,CHF211
CWF541,641,
CWF551,631,CHF211
CWF6,639,
CWF611,622,
CWF611,624,
CWF611,639,
CWF611,640,CHF211
CWF612,622,
CWF612,639,CHF211
CWF612,640,CHF211
CWF613,624,
CWF613,639,CHF211
CWF613,640,CHF211
CWFC,639,
CWFM,639,
CWG0,639,
CWG1,639,
CWG111,604,
CWG111,622,
CWG111,639,
CWG111,640,
CWG112,604,
CWG112,615,
CWG112,639,
CWG112,640,
CWG113,622,
CWG113,639,
CWG113,640,
CWG114,639,
CWG121,619,
CWG121,639,
CWG122,620,
CWG122,639,
CWG123,620,
CWG123,639,
CWG124,626,
CWG124,639,
CWG125,626,
CWG125,639,
CWG2,639,
CWG211,622,
CWG211,639,CHS138
CWG211,640,CHS138
CWH0,639,
CWH1,639,
CWH111,611,
CWH111,639,
CWH112,606,
CWH112,639,
CWH2,639,
CWH211,605,
CWH211,639,
CWH3,639,
CWH321,641,
CWH4,639,
CWH5,639,
CWM0,639,
CWM1,639,
CWM111,606,
CWM111,639,
CWM2,639,
CWM210,625,
CWM210,639,CHM111
CWM311,640,CHS651
CWS0,639,
CWS1,639,
CWS112,611,
CWS112,639,
CWS113,611,
CWS113,639,
CWS114,611,
CWS114,639,
CWS115,611,
CWS115,639,
CWS116,606,
CWS116,639,
CWS117,605,
CWS117,639,
CWS121,635,
CWS121,639,CHS610
CWS2,639,
CWS211,604,CHS610
CWS211,615,CHS610
CWS211,639,CHS610
CWS211,640,CHS610
CWS212,622,CHS610
CWS212,639,CHS610
CWS212,640,CHS610
CWS213,635,CHS610
CWS213,639,CHS610
CWS214,627,CHS610
CWS214,639,CHS610
CWS221,620,CHS610
CWS221,639,CHS610
CWS222,620,CHS610
CWS222,639,CHS610
CWS223,620,CHS610
CWS223,639,CHS610
CWS224,620,
CWS224,639,CHS121
CWS225,626,CHS121
CWS225,639,CHS121
CWS226,626,CHS121
CWS226,639,CHS121
CWS227,641,CHS121
CWS228,641,CHS121
CWS229,641,CHS121
CWS231,639,CHS610
CWS232,639,CHS610
CWS232,640,CHS610
CWS3,639,
CWS311,639,
CWS312,606,
CWS312,639,
CWS313,605,
CWS313,639,
CWS314,624,
CWS314,639,
CWS314,640,CDS651
CWS321,615,
CWS321,639,CDS651
CWS321,640,CDS651
CWS322,622,
CWS322,639,CDS651
CWS322,640,CDS651
CWS323,639,CDS651
CWS331,619,
CWS331,639,
CWS332,620,
CWS332,639,
CWS333,635,
CWS333,639,
CWS334,635,
CWS334,639,
CWS335,626,
CWS335,639,CDS651
CWS336,626,
CWS336,639,
CWS337,626,
CWS337,639,
CWS338,626,
CWS338,639,CDS651
CWS341,641,
CWS342,641,
CWS4,639,
CWS412,615,
CWS412,639,CDS651
CWS412,640,CDS651
CWS421,627,
CWS421,639,CDS651
CWS422,627,
CWS422,639,CHF211
CWS423,640,CHF211
CWS5,639,
CWS511,639,
CWS521,616,CHS138
CWS521,639,CHS138
CWS521,647,CHS138
CWS522,616,CHS138
CWS522,639,CHS138
CWS522,647,CHS138
CWS522,648,CHS138
CWS523,641,
CWS524,641,
CWS525,641,
CWS526,641,
CWS527,647,CHF211
CWS527,648,CHF211
CWS527,650,CHF211
CWS528,647,CHS138
CWS528,648,CHS138
CWS528,650,CHS138
CWS529,647,CHF211
CWS529,648,CHS621
CWS529,650,CHS621
CWS531,619,
CWS531,639,CHS621
CWS532,619,CHS621
CWS532,639,CHS621
CWS533,619,
CWS533,639,
CWS534,620,
CWS534,639,CHS621
CWS535,620,CHS621
CWS535,639,
CWS536,620,CHS621
CWS536,639,CHS621
CWS537,620,CHS621
CWS537,639,CHS621
CWS538,635,CHS621
CWS538,639,CHS621
CWS541,622,CHS621
CWS541,639,CHS621
CWS541,640,CHS621
CWS542,639,CHS621
CWS543,624,CHS621
CWS543,639,CHS621
CWS543,640,CHS621
CWS551,626,CHS621
CWS551,639,CHS621
CWS552,626,CHS621
CWS552,639,CHS621
CWS553,626,CHS621
CWS553,639,CHS621
CWS554,626,
CWS554,639,
CWS555,647,CHS621
CWS555,648,CHS621
CWS555,650,CHS621
CWS6,639,
CWS621,641,
CWS622,647,CHS621
CWS622,648,CHS621
CWS622,650,CHS621
CWS7,639,
CWS711,635,
CWS711,639,CHS621
CWS712,635,
CWS712,639,
CWS722,632,
CWS722,639,CHS621
CWS8,639,
CWS811,604,
CWS811,622,
CWS811,639,CHS621
CWS811,640,CHS621
CWS812,622,
CWS812,639,CHS621
CWS812,640,CHS621
CWS821,627,
CWS821,639,CHS621
CWS822,639,CHS621
CWS911,611,
CWS911,639,
CWS912,615,
CWS912,639,CHS621
CWS912,640,CHS621
CWSC,639,
CWSM,639,
CWX104,639,CHS621
CWX120,639,CHS621
CWX204,639,CHS621
CWX220,639,CHS621
CWX320,639,CHS621
CWX420,639,CHS621
CWY104,639,CHS621
CWY204,639,CHS621
CWY304,639,CHS621
CWY404,639,CHS621
CX,639,CHS621
DCC512,635,
DCC512,639,
HA,639,CHS421
HAC0,639,CHS421
HAF0,639,CHS421
HAF1,639,CHS421
HAF2,639,CHS421
HAF211,624,CHS421
HAF211,639,CHS421
HAF211,640,CHS421
HAF221,625,CHS421
HAF221,639,CHS421
HAF222,625,CHS421
HAF222,639,CHS421
HAF223,625,CHS421
HAF223,639,CHS421
HAF224,625,CHS421
HAF224,639,CHS421
HAF225,625,CHS421
HAF225,639,CHS421
HAF226,640,CHS421
HAF227,640,CHS421
HAH0,639,CHS421
HAM0,639,CHS421
HAM1,639,CHS421
HAM101,642,CHS421
HAM2,639,CHS421
HAS0,639,CHS421
HAS1,639,CHS421
HAS111,625,CHS421
HAS111,639,CHS421
HAS112,625,CHS421
HAS112,639,CHS421
HAS113,625,CHS421
HAS113,639,CHS421
HAS2,639,CHS421
HAS211,624,CHS421
HAS211,639,CHS421
HAS211,640,CHS421
HAS3,639,CHS421
HAS311,625,CHS421
HAS311,639,CHS421
HAS312,640,CHS421
HAS4,639,CHS421
HAS411,625,CHS421
HAS411,639,CHS421
HAS511,640,CHS421
HAZ212,639,CHS421
HAZ312,639,CHS421
HB,639,CHS421
HBM0,639,CHS421
HBM1,639,CHS421
HBS0,639,CHS421
HBS1,639,CHS421
HBS2,639,CHS421
HC,639,CHS421
HCC0,639,CHS421
HCC111,639,CHS421
HCG0,639,CHS421
HCG111,639,CHS421
HCS0,639,CHS421
HCS1,625,CHS421
HCS1,632,CHS421
HCS1,639,CHS421
HCS111,639,CHS421
HCS112,624,CHS421
HCS112,639,CHS421
HCS112,640,CHS421
HCS113,624,CHS421
HCS113,639,CHS421
HCS113,640,CHS421
HCS114,624,CHS421
HCS114,639,CHS421
HCS114,640,CHS421
HCS121,639,CHS421
HCS2,639,CHS421
HCS3,639,CHS421
HCS311,624,CHS421
HCS311,639,CHS421
HCS311,640,CHS421
HCS312,640,CHS421
HCXX,639,CHS421
HD01,640,CHS421
HL,639,CDS221
HLRR,639,CDS221
HLRS,639,CDS221
HLRX,639,CDS221
HM,639,CDS221
HMRR,639,CDS221
HMRS,639,CDS221
HMRX,639,CDS221
HMS0,639,CDS221
HMS1,639,CDS221
HO,639,
HOC121,641,
HOF0,639,
HOF1,639,
HOG0,639,
HOG1,639,
HOG111,626,
HOG111,639,
HOG2,639,
HOG211,626,
HOG211,639,
HOG3,639,
HOG321,641,
HOS0,639,
HOS1,639,
HOS2,639,
HOS3,639,
HOS311,626,
HOS311,639,
HOS4,639,
HOS5,639,
HOS6,639,
HQ,628,
HQ,639,CDS651
HQC0,639,CDS651
HQC111,639,CDS651
HQC112,639,CDS651
HQG0,639,CDS651
HQG1,615,CDS651
HQG1,639,
HQG111,609,
HQG111,627,
HQG111,639,
HQG112,640,
HQM0,639,CDS651
HQM1,604,CDS651
HQM1,639,CDS651
HQM121,617,CDS651
HQM121,639,CDS651
HQM122,624,CDS651
HQM122,639,CDS651
HQM122,640,
HQM123,624,CDS651
HQM123,639,CDS651
HQM123,640,CDS651
HQM2,639,CDS651
HQM211,624,CDS651
HQM211,639,CDS651
HQM211,640,CDS651
HQM212,640,CDS651
HQM3,639,CDS651
HQM4,639,CDS651
HQM411,617,
HQM411,639,CDS651
HQM511,640,CDS651
HQS0,639,CDS651
HQS1,639,CDS651
HQS2,639,
HQS211,609,
HQS211,627,
HQS211,639,
HQS221,617,
HQS221,624,
HQS221,639,
HQS221,640,
HQS222,640,CDS651
HQS223,640,
HQS3,639,
HT,639,CDS221
HTC0,639,CDS221
HTC1,639,CDS221
HTC2,639,CDS221
HTC221,641,CDS221
HTC222,641,CDS221
HTC223,641,CDS221
HTC3,639,
HTC321,641,
HTC4,639,
HTC421,641,
HTC521,641,
HTC621,641,
HTC622,641,
HTC623,641,
HTC624,641,
HTC625,641,
HTC626,641,
HTH0,639,CDS651
HTH1,639,CDS651
HTH2,639,CDS651
HTH3,639,CDS651
HTH321,641,CDS651
HTH421,641,
HTH422,641,
HTRR,639,CDS651
HTRS,639,CDS651
HTRX,639,CDS651
HTS0,639,CDS651
HTS1,639,CDS651
HTS121,641,
HTS2,639,CDS651
HTS3,639,CDS651
HTS4,639,CDS651
HTS5,639,CDS651
HTS621,641,CDS651
HX,639,CDS651
MM2914,640,
NA,628,
NCA1,628,
NCA1,632,
NCA1,639,CES321
NCA111,639,CES321
NCC1,639,CES321
NCC111,639,CES321
NCC2,639,CHS621
NCC3,639,CDS651
NCC4,639,CDS651
NCC5,639,CDS651
NCC6,639,CDS651
NCH0,639,CDS651
NCH1,639,CHS421
NMC1,639,CDS651
NMH0,639,CDS651
NMH1,639,CDS651
NMH2,639,CDS651
NRA0,628,
NTA1,639,CDS651
NTA3,639,
NTH1,639,CHS421
NTH2,639,
NTS111,615,
SC30,639,CDS651
WC0,639,
WC1,639,
WS115,639,
WS116,639,
