forest_ifor,species_index,dbhclass,fc
1,1,1,97
1,2,1,95
1,3,1,93
1,4,1,98
1,5,1,87
1,6,1,74
1,7,1,95
1,8,1,93
1,9,1,81
1,10,1,90
1,11,1,96
1,12,1,92
1,13,1,79
1,14,1,93
1,15,1,89
1,16,1,97
1,17,1,82
1,18,1,79
1,19,1,95
1,20,1,96
1,21,1,84
1,22,1,84
1,23,1,82
1,24,1,79
1,25,1,87
1,26,1,85
1,27,1,82
1,28,1,95
1,29,1,81
1,30,1,92
1,31,1,96
1,32,1,96
1,33,1,81
1,34,1,91
1,35,1,95
1,36,1,86
1,37,1,92
1,38,1,74
1,39,1,84
1,1,2,97
1,2,2,95
1,3,2,93
1,4,2,98
1,5,2,87
1,6,2,74
1,7,2,95
1,8,2,93
1,9,2,81
1,10,2,90
1,11,2,96
1,12,2,92
1,13,2,79
1,14,2,93
1,15,2,89
1,16,2,90
1,17,2,82
1,18,2,79
1,19,2,95
1,20,2,96
1,21,2,84
1,22,2,84
1,23,2,82
1,24,2,79
1,25,2,87
1,26,2,85
1,27,2,82
1,28,2,95
1,29,2,81
1,30,2,92
1,31,2,96
1,32,2,96
1,33,2,81
1,34,2,91
1,35,2,95
1,36,2,86
1,37,2,92
1,38,2,74
1,39,2,84
1,1,3,93
1,2,3,91
1,3,3,89
1,4,3,90
1,5,3,82
1,6,3,74
1,7,3,90
1,8,3,86
1,9,3,72
1,10,3,86
1,11,3,91
1,12,3,82
1,13,3,76
1,14,3,89
1,15,3,82
1,16,3,87
1,17,3,79
1,18,3,76
1,19,3,91
1,20,3,90
1,21,3,82
1,22,3,80
1,23,3,78
1,24,3,76
1,25,3,81
1,26,3,81
1,27,3,80
1,28,3,95
1,29,3,81
1,30,3,92
1,31,3,96
1,32,3,89
1,33,3,74
1,34,3,84
1,35,3,95
1,36,3,86
1,37,3,92
1,38,3,74
1,39,3,80
1,1,4,92
1,2,4,90
1,3,4,88
1,4,4,89
1,5,4,80
1,6,4,74
1,7,4,88
1,8,4,86
1,9,4,71
1,10,4,85
1,11,4,91
1,12,4,80
1,13,4,76
1,14,4,88
1,15,4,80
1,16,4,86
1,17,4,78
1,18,4,74
1,19,4,91
1,20,4,89
1,21,4,81
1,22,4,78
1,23,4,76
1,24,4,74
1,25,4,79
1,26,4,80
1,27,4,79
1,28,4,95
1,29,4,81
1,30,4,92
1,31,4,96
1,32,4,87
1,33,4,70
1,34,4,82
1,35,4,95
1,36,4,84
1,37,4,92
1,38,4,74
1,39,4,79
1,1,5,92
1,2,5,90
1,3,5,88
1,4,5,89
1,5,5,79
1,6,5,74
1,7,5,88
1,8,5,84
1,9,5,70
1,10,5,85
1,11,5,90
1,12,5,79
1,13,5,75
1,14,5,88
1,15,5,80
1,16,5,86
1,17,5,78
1,18,5,74
1,19,5,90
1,20,5,88
1,21,5,80
1,22,5,78
1,23,5,76
1,24,5,74
1,25,5,79
1,26,5,79
1,27,5,79
1,28,5,95
1,29,5,74
1,30,5,92
1,31,5,96
1,32,5,86
1,33,5,70
1,34,5,82
1,35,5,95
1,36,5,84
1,37,5,92
1,38,5,74
1,39,5,78
2,1,1,97
2,2,1,95
2,3,1,86
2,4,1,97
2,5,1,87
2,6,1,74
2,7,1,88
2,8,1,92
2,9,1,81
2,10,1,90
2,11,1,96
2,12,1,92
2,13,1,79
2,14,1,95
2,15,1,89
2,16,1,82
2,17,1,82
2,18,1,85
2,19,1,96
2,20,1,98
2,21,1,84
2,22,1,84
2,23,1,82
2,24,1,79
2,25,1,87
2,26,1,85
2,27,1,82
2,28,1,95
2,29,1,81
2,30,1,92
2,31,1,96
2,32,1,96
2,33,1,76
2,34,1,86
2,35,1,95
2,36,1,86
2,37,1,92
2,38,1,74
2,39,1,84
2,1,2,97
2,2,2,95
2,3,2,86
2,4,2,97
2,5,2,87
2,6,2,74
2,7,2,88
2,8,2,92
2,9,2,81
2,10,2,90
2,11,2,96
2,12,2,92
2,13,2,79
2,14,2,95
2,15,2,89
2,16,2,82
2,17,2,82
2,18,2,85
2,19,2,96
2,20,2,98
2,21,2,84
2,22,2,84
2,23,2,82
2,24,2,79
2,25,2,87
2,26,2,85
2,27,2,82
2,28,2,95
2,29,2,81
2,30,2,92
2,31,2,96
2,32,2,96
2,33,2,76
2,34,2,86
2,35,2,95
2,36,2,86
2,37,2,92
2,38,2,74
2,39,2,84
2,1,3,92
2,2,3,91
2,3,3,83
2,4,3,97
2,5,3,82
2,6,3,74
2,7,3,84
2,8,3,85
2,9,3,72
2,10,3,86
2,11,3,91
2,12,3,82
2,13,3,76
2,14,3,91
2,15,3,82
2,16,3,80
2,17,3,79
2,18,3,81
2,19,3,93
2,20,3,95
2,21,3,82
2,22,3,80
2,23,3,78
2,24,3,76
2,25,3,81
2,26,3,81
2,27,3,80
2,28,3,95
2,29,3,81
2,30,3,92
2,31,3,96
2,32,3,89
2,33,3,69
2,34,3,79
2,35,3,95
2,36,3,86
2,37,3,92
2,38,3,74
2,39,3,80
2,1,4,91
2,2,4,90
2,3,4,82
2,4,4,95
2,5,4,80
2,6,4,74
2,7,4,82
2,8,4,85
2,9,4,71
2,10,4,85
2,11,4,91
2,12,4,80
2,13,4,76
2,14,4,90
2,15,4,80
2,16,4,79
2,17,4,78
2,18,4,79
2,19,4,92
2,20,4,94
2,21,4,81
2,22,4,78
2,23,4,76
2,24,4,74
2,25,4,79
2,26,4,80
2,27,4,79
2,28,4,95
2,29,4,81
2,30,4,92
2,31,4,96
2,32,4,87
2,33,4,65
2,34,4,78
2,35,4,95
2,36,4,84
2,37,4,92
2,38,4,74
2,39,4,79
2,1,5,91
2,2,5,90
2,3,5,82
2,4,5,95
2,5,5,79
2,6,5,74
2,7,5,82
2,8,5,83
2,9,5,70
2,10,5,85
2,11,5,90
2,12,5,79
2,13,5,75
2,14,5,90
2,15,5,80
2,16,5,78
2,17,5,78
2,18,5,79
2,19,5,91
2,20,5,93
2,21,5,80
2,22,5,78
2,23,5,76
2,24,5,74
2,25,5,79
2,26,5,79
2,27,5,79
2,28,5,95
2,29,5,74
2,30,5,92
2,31,5,96
2,32,5,86
2,33,5,65
2,34,5,78
2,35,5,95
2,36,5,84
2,37,5,92
2,38,5,74
2,39,5,78
3,1,1,98
3,2,1,97
3,3,1,84
3,4,1,98
3,5,1,87
3,6,1,74
3,7,1,88
3,8,1,92
3,9,1,92
3,10,1,87
3,11,1,89
3,12,1,92
3,13,1,79
3,14,1,93
3,15,1,92
3,16,1,83
3,17,1,82
3,18,1,85
3,19,1,86
3,20,1,84
3,21,1,84
3,22,1,84
3,23,1,82
3,24,1,79
3,25,1,87
3,26,1,85
3,27,1,82
3,28,1,95
3,29,1,81
3,30,1,92
3,31,1,96
3,32,1,96
3,33,1,81
3,34,1,86
3,35,1,95
3,36,1,86
3,37,1,92
3,38,1,74
3,39,1,84
3,1,2,98
3,2,2,97
3,3,2,84
3,4,2,98
3,5,2,87
3,6,2,74
3,7,2,88
3,8,2,92
3,9,2,92
3,10,2,87
3,11,2,89
3,12,2,92
3,13,2,79
3,14,2,93
3,15,2,92
3,16,2,83
3,17,2,82
3,18,2,85
3,19,2,86
3,20,2,84
3,21,2,84
3,22,2,84
3,23,2,82
3,24,2,79
3,25,2,87
3,26,2,85
3,27,2,82
3,28,2,95
3,29,2,81
3,30,2,92
3,31,2,96
3,32,2,96
3,33,2,81
3,34,2,86
3,35,2,95
3,36,2,86
3,37,2,92
3,38,2,74
3,39,2,84
3,1,3,93
3,2,3,94
3,3,3,81
3,4,3,95
3,5,3,82
3,6,3,74
3,7,3,84
3,8,3,85
3,9,3,82
3,10,3,83
3,11,3,84
3,12,3,82
3,13,3,76
3,14,3,89
3,15,3,85
3,16,3,81
3,17,3,79
3,18,3,81
3,19,3,83
3,20,3,79
3,21,3,82
3,22,3,80
3,23,3,78
3,24,3,76
3,25,3,81
3,26,3,81
3,27,3,80
3,28,3,95
3,29,3,81
3,30,3,92
3,31,3,96
3,32,3,89
3,33,3,74
3,34,3,79
3,35,3,95
3,36,3,86
3,37,3,92
3,38,3,74
3,39,3,80
3,1,4,92
3,2,4,92
3,3,4,80
3,4,4,93
3,5,4,80
3,6,4,74
3,7,4,82
3,8,4,85
3,9,4,80
3,10,4,82
3,11,4,84
3,12,4,80
3,13,4,76
3,14,4,88
3,15,4,84
3,16,4,80
3,17,4,78
3,18,4,79
3,19,4,82
3,20,4,78
3,21,4,81
3,22,4,78
3,23,4,76
3,24,4,74
3,25,4,79
3,26,4,80
3,27,4,79
3,28,4,95
3,29,4,81
3,30,4,92
3,31,4,96
3,32,4,87
3,33,4,70
3,34,4,78
3,35,4,95
3,36,4,84
3,37,4,92
3,38,4,74
3,39,4,79
3,1,5,92
3,2,5,92
3,3,5,79
3,4,5,93
3,5,5,79
3,6,5,74
3,7,5,82
3,8,5,83
3,9,5,79
3,10,5,81
3,11,5,83
3,12,5,79
3,13,5,75
3,14,5,88
3,15,5,83
3,16,5,79
3,17,5,78
3,18,5,79
3,19,5,82
3,20,5,77
3,21,5,80
3,22,5,78
3,23,5,76
3,24,5,74
3,25,5,79
3,26,5,79
3,27,5,79
3,28,5,95
3,29,5,74
3,30,5,92
3,31,5,96
3,32,5,86
3,33,5,70
3,34,5,78
3,35,5,95
3,36,5,84
3,37,5,92
3,38,5,74
3,39,5,78
4,1,1,86
4,2,1,86
4,3,1,86
4,4,1,94
4,5,1,90
4,6,1,74
4,7,1,87
4,8,1,85
4,9,1,85
4,10,1,86
4,11,1,82
4,12,1,93
4,13,1,84
4,14,1,85
4,15,1,89
4,16,1,84
4,17,1,76
4,18,1,79
4,19,1,82
4,20,1,83
4,21,1,81
4,22,1,81
4,23,1,84
4,24,1,79
4,25,1,84
4,26,1,81
4,27,1,80
4,28,1,89
4,29,1,95
4,30,1,95
4,31,1,92
4,32,1,82
4,33,1,98
4,34,1,85
4,35,1,95
4,36,1,79
4,37,1,98
4,38,1,74
4,39,1,79
4,1,2,86
4,2,2,86
4,3,2,86
4,4,2,94
4,5,2,90
4,6,2,74
4,7,2,87
4,8,2,85
4,9,2,85
4,10,2,86
4,11,2,82
4,12,2,93
4,13,2,84
4,14,2,85
4,15,2,89
4,16,2,84
4,17,2,76
4,18,2,79
4,19,2,82
4,20,2,83
4,21,2,81
4,22,2,81
4,23,2,84
4,24,2,79
4,25,2,84
4,26,2,81
4,27,2,80
4,28,2,89
4,29,2,95
4,30,2,95
4,31,2,92
4,32,2,82
4,33,2,98
4,34,2,85
4,35,2,95
4,36,2,79
4,37,2,98
4,38,2,74
4,39,2,79
4,1,3,81
4,2,3,83
4,3,3,83
4,4,3,87
4,5,3,84
4,6,3,74
4,7,3,82
4,8,3,78
4,9,3,75
4,10,3,82
4,11,3,78
4,12,3,83
4,13,3,81
4,14,3,82
4,15,3,82
4,16,3,82
4,17,3,74
4,18,3,76
4,19,3,79
4,20,3,78
4,21,3,80
4,22,3,78
4,23,3,80
4,24,3,76
4,25,3,78
4,26,3,78
4,27,3,78
4,28,3,89
4,29,3,95
4,30,3,95
4,31,3,92
4,32,3,76
4,33,3,88
4,34,3,78
4,35,3,95
4,36,3,79
4,37,3,98
4,38,3,74
4,39,3,76
4,1,4,80
4,2,4,82
4,3,4,82
4,4,4,85
4,5,4,82
4,6,4,74
4,7,4,81
4,8,4,78
4,9,4,74
4,10,4,81
4,11,4,78
4,12,4,81
4,13,4,81
4,14,4,81
4,15,4,80
4,16,4,81
4,17,4,73
4,18,4,74
4,19,4,78
4,20,4,77
4,21,4,79
4,22,4,76
4,23,4,79
4,24,4,74
4,25,4,76
4,26,4,77
4,27,4,77
4,28,4,89
4,29,4,95
4,30,4,95
4,31,4,92
4,32,4,74
4,33,4,84
4,34,4,76
4,35,4,95
4,36,4,77
4,37,4,98
4,38,4,74
4,39,4,74
4,1,5,80
4,2,5,82
4,3,5,82
4,4,5,85
4,5,5,81
4,6,5,74
4,7,5,80
4,8,5,76
4,9,5,73
4,10,5,80
4,11,5,76
4,12,5,80
4,13,5,80
4,14,5,80
4,15,5,80
4,16,5,80
4,17,5,73
4,18,5,74
4,19,5,77
4,20,5,76
4,21,5,78
4,22,5,76
4,23,5,79
4,24,5,74
4,25,5,76
4,26,5,76
4,27,5,77
4,28,5,89
4,29,5,86
4,30,5,86
4,31,5,87
4,32,5,73
4,33,5,84
4,34,5,76
4,35,5,95
4,36,5,77
4,37,5,98
4,38,5,74
4,39,5,74
5,1,1,94
5,2,1,92
5,3,1,92
5,4,1,97
5,5,1,97
5,6,1,74
5,7,1,94
5,8,1,76
5,9,1,76
5,10,1,97
5,11,1,96
5,12,1,94
5,13,1,82
5,14,1,86
5,15,1,90
5,16,1,84
5,17,1,82
5,18,1,79
5,19,1,96
5,20,1,90
5,21,1,85
5,22,1,85
5,23,1,82
5,24,1,79
5,25,1,87
5,26,1,85
5,27,1,83
5,28,1,95
5,29,1,92
5,30,1,92
5,31,1,96
5,32,1,96
5,33,1,95
5,34,1,92
5,35,1,95
5,36,1,87
5,37,1,92
5,38,1,74
5,39,1,79
5,1,2,94
5,2,2,92
5,3,2,92
5,4,2,97
5,5,2,97
5,6,2,74
5,7,2,94
5,8,2,76
5,9,2,76
5,10,2,97
5,11,2,96
5,12,2,94
5,13,2,82
5,14,2,86
5,15,2,90
5,16,2,84
5,17,2,82
5,18,2,79
5,19,2,96
5,20,2,90
5,21,2,85
5,22,2,85
5,23,2,82
5,24,2,79
5,25,2,87
5,26,2,85
5,27,2,83
5,28,2,95
5,29,2,92
5,30,2,92
5,31,2,96
5,32,2,96
5,33,2,95
5,34,2,92
5,35,2,95
5,36,2,87
5,37,2,92
5,38,2,74
5,39,2,79
5,1,3,89
5,2,3,88
5,3,3,88
5,4,3,97
5,5,3,91
5,6,3,74
5,7,3,89
5,8,3,70
5,9,3,68
5,10,3,93
5,11,3,91
5,12,3,84
5,13,3,79
5,14,3,83
5,15,3,83
5,16,3,82
5,17,3,79
5,18,3,76
5,19,3,93
5,20,3,84
5,21,3,83
5,22,3,81
5,23,3,78
5,24,3,76
5,25,3,81
5,26,3,81
5,27,3,81
5,28,3,95
5,29,3,92
5,30,3,92
5,31,3,96
5,32,3,89
5,33,3,86
5,34,3,85
5,35,3,95
5,36,3,87
5,37,3,92
5,38,3,74
5,39,3,76
5,1,4,88
5,2,4,87
5,3,4,87
5,4,4,95
5,5,4,89
5,6,4,74
5,7,4,87
5,8,4,70
5,9,4,66
5,10,4,91
5,11,4,91
5,12,4,82
5,13,4,79
5,14,4,82
5,15,4,81
5,16,4,81
5,17,4,78
5,18,4,74
5,19,4,92
5,20,4,83
5,21,4,82
5,22,4,79
5,23,4,76
5,24,4,74
5,25,4,79
5,26,4,80
5,27,4,80
5,28,4,95
5,29,4,92
5,30,4,92
5,31,4,96
5,32,4,87
5,33,4,82
5,34,4,83
5,35,4,95
5,36,4,85
5,37,4,92
5,38,4,74
5,39,4,74
5,1,5,87
5,2,5,87
5,3,5,87
5,4,5,95
5,5,5,88
5,6,5,74
5,7,5,87
5,8,5,69
5,9,5,66
5,10,5,91
5,11,5,90
5,12,5,81
5,13,5,78
5,14,5,82
5,15,5,81
5,16,5,80
5,17,5,78
5,18,5,74
5,19,5,91
5,20,5,82
5,21,5,81
5,22,5,79
5,23,5,76
5,24,5,74
5,25,5,79
5,26,5,79
5,27,5,80
5,28,5,95
5,29,5,92
5,30,5,92
5,31,5,96
5,32,5,86
5,33,5,82
5,34,5,83
5,35,5,95
5,36,5,85
5,37,5,92
5,38,5,74
5,39,5,74
6,1,1,78
6,2,1,95
6,3,1,76
6,4,1,81
6,5,1,87
6,6,1,74
6,7,1,78
6,8,1,69
6,9,1,69
6,10,1,79
6,11,1,82
6,12,1,92
6,13,1,76
6,14,1,78
6,15,1,82
6,16,1,71
6,17,1,82
6,18,1,63
6,19,1,75
6,20,1,77
6,21,1,75
6,22,1,77
6,23,1,82
6,24,1,79
6,25,1,87
6,26,1,85
6,27,1,75
6,28,1,95
6,29,1,81
6,30,1,92
6,31,1,96
6,32,1,96
6,33,1,76
6,34,1,86
6,35,1,95
6,36,1,86
6,37,1,92
6,38,1,74
6,39,1,84
6,1,2,78
6,2,2,95
6,3,2,76
6,4,2,81
6,5,2,87
6,6,2,74
6,7,2,78
6,8,2,69
6,9,2,69
6,10,2,79
6,11,2,82
6,12,2,92
6,13,2,76
6,14,2,78
6,15,2,82
6,16,2,71
6,17,2,82
6,18,2,63
6,19,2,75
6,20,2,77
6,21,2,75
6,22,2,77
6,23,2,82
6,24,2,79
6,25,2,87
6,26,2,85
6,27,2,75
6,28,2,95
6,29,2,81
6,30,2,92
6,31,2,96
6,32,2,96
6,33,2,76
6,34,2,86
6,35,2,95
6,36,2,86
6,37,2,92
6,38,2,74
6,39,2,84
6,1,3,74
6,2,3,91
6,3,3,73
6,4,3,75
6,5,3,82
6,6,3,74
6,7,3,74
6,8,3,63
6,9,3,61
6,10,3,76
6,11,3,78
6,12,3,82
6,13,3,74
6,14,3,74
6,15,3,76
6,16,3,69
6,17,3,79
6,18,3,60
6,19,3,72
6,20,3,72
6,21,3,73
6,22,3,73
6,23,3,78
6,24,3,76
6,25,3,81
6,26,3,81
6,27,3,73
6,28,3,95
6,29,3,81
6,30,3,92
6,31,3,96
6,32,3,89
6,33,3,69
6,34,3,79
6,35,3,95
6,36,3,86
6,37,3,92
6,38,3,74
6,39,3,80
6,1,4,73
6,2,4,90
6,3,4,72
6,4,4,73
6,5,4,80
6,6,4,74
6,7,4,73
6,8,4,63
6,9,4,60
6,10,4,74
6,11,4,78
6,12,4,80
6,13,4,73
6,14,4,73
6,15,4,74
6,16,4,68
6,17,4,78
6,18,4,59
6,19,4,72
6,20,4,71
6,21,4,72
6,22,4,72
6,23,4,76
6,24,4,74
6,25,4,79
6,26,4,80
6,27,4,73
6,28,4,95
6,29,4,81
6,30,4,92
6,31,4,96
6,32,4,87
6,33,4,65
6,34,4,78
6,35,4,95
6,36,4,84
6,37,4,92
6,38,4,74
6,39,4,79
6,1,5,73
6,2,5,90
6,3,5,72
6,4,5,73
6,5,5,79
6,6,5,74
6,7,5,72
6,8,5,62
6,9,5,59
6,10,5,74
6,11,5,76
6,12,5,79
6,13,5,73
6,14,5,73
6,15,5,74
6,16,5,68
6,17,5,78
6,18,5,59
6,19,5,71
6,20,5,71
6,21,5,71
6,22,5,71
6,23,5,76
6,24,5,74
6,25,5,79
6,26,5,79
6,27,5,72
6,28,5,95
6,29,5,74
6,30,5,92
6,31,5,96
6,32,5,86
6,33,5,65
6,34,5,78
6,35,5,95
6,36,5,84
6,37,5,92
6,38,5,74
6,39,5,78
7,1,1,84
7,2,1,86
7,3,1,84
7,4,1,82
7,5,1,75
7,6,1,80
7,7,1,84
7,8,1,73
7,9,1,73
7,10,1,77
7,11,1,68
7,12,1,75
7,13,1,75
7,14,1,76
7,15,1,82
7,16,1,80
7,17,1,75
7,18,1,76
7,19,1,88
7,20,1,72
7,21,1,84
7,22,1,88
7,23,1,70
7,24,1,70
7,25,1,75
7,26,1,75
7,27,1,74
7,28,1,70
7,29,1,60
7,30,1,75
7,31,1,82
7,32,1,82
7,33,1,60
7,34,1,70
7,35,1,70
7,36,1,75
7,37,1,75
7,38,1,74
7,39,1,74
8,1,1,82
8,2,1,78
8,3,1,82
8,4,1,78
8,5,1,78
8,6,1,78
8,7,1,78
8,8,1,78
8,9,1,70
8,10,1,78
8,11,1,78
8,12,1,78
8,13,1,72
8,14,1,78
8,15,1,70
8,16,1,78
8,17,1,78
8,18,1,72
8,19,1,80
8,20,1,78
8,21,1,78
8,22,1,80
8,23,1,78
8,24,1,78
8,25,1,80
8,26,1,78
8,27,1,82
8,28,1,78
8,29,1,78
8,30,1,78
8,31,1,78
8,32,1,78
8,33,1,78
8,34,1,78
8,35,1,78
8,36,1,78
8,37,1,78
8,38,1,78
8,39,1,78
9,1,1,82
9,2,1,76
9,3,1,80
9,4,1,82
9,5,1,76
9,6,1,76
9,7,1,76
9,8,1,70
9,9,1,66
9,10,1,76
9,11,1,80
9,12,1,80
9,13,1,80
9,14,1,80
9,15,1,80
9,16,1,72
9,17,1,76
9,18,1,72
9,19,1,82
9,20,1,76
9,21,1,82
9,22,1,82
9,23,1,76
9,24,1,76
9,25,1,76
9,26,1,76
9,27,1,76
9,28,1,76
9,29,1,76
9,30,1,76
9,31,1,80
9,32,1,80
9,33,1,76
9,34,1,76
9,35,1,76
9,36,1,76
9,37,1,76
9,38,1,76
9,39,1,76
10,1,1,74
10,2,1,78
10,3,1,77
10,4,1,75
10,5,1,78
10,6,1,70
10,7,1,75
10,8,1,67
10,9,1,66
10,10,1,74
10,11,1,68
10,12,1,70
10,13,1,76
10,14,1,76
10,15,1,80
10,16,1,76
10,17,1,70
10,18,1,70
10,19,1,78
10,20,1,70
10,21,1,72
10,22,1,72
10,23,1,72
10,24,1,70
10,25,1,72
10,26,1,72
10,27,1,72
10,28,1,66
10,29,1,70
10,30,1,70
10,31,1,73
10,32,1,68
10,33,1,72
10,34,1,69
10,35,1,70
10,36,1,68
10,37,1,72
10,38,1,70
10,39,1,70
