forest_idx,species_index,p2,p3,p4
1,1,407.995600,6.783400,-0.522500
1,2,475.169800,6.247200,-0.481200
1,3,686.483100,6.539300,-0.374000
1,4,216.399800,6.170000,-0.601700
1,5,375.382000,6.088000,-0.472000
1,6,375.382000,6.088000,-0.472000
1,7,561.958900,6.550700,-0.446000
1,8,505.270700,6.474300,-0.432400
1,9,4691.633700,7.467100,-0.198900
1,10,27357.521200,8.721100,-0.140700
1,11,133.660300,4.845600,-0.697100
1,12,1031.520300,7.661600,-0.359900
1,13,702.185600,5.702500,-0.379800
1,14,3261.830800,7.371700,-0.251700
1,15,1548.414700,6.550300,-0.270000
1,16,452.398500,5.969000,-0.491000
1,17,595.106800,5.810300,-0.382100
1,18,531.007300,5.964300,-0.408300
1,19,465.081100,6.477200,-0.494100
1,20,368.372200,6.826700,-0.507000
1,21,179.070600,3.623800,-0.573000
1,22,182.304500,3.667600,-0.473500
1,23,133.796500,6.405000,-0.832900
1,24,1709.722900,5.888700,-0.228600
1,25,10707.390600,8.467000,-0.186300
1,26,1709.722900,5.888700,-0.228600
1,27,178.644100,4.585200,-0.674600
1,28,55.000000,5.500000,-0.950000
1,29,503.661900,4.954400,-0.208500
1,30,503.661900,4.954400,-0.208500
1,31,89.553500,4.228100,-0.643800
1,32,34749.473600,9.128700,-0.141700
1,33,1221.918300,5.816600,-0.209600
1,34,444.561800,3.920500,-0.239700
1,35,55.000000,5.500000,-0.950000
1,36,73.334800,2.654800,-1.246000
1,37,149.586100,2.423100,-0.180000
1,38,1709.722900,5.888700,-0.228600
1,39,1709.722900,5.888700,-0.228600
2,1,476.634400,6.483900,-0.468500
2,2,475.169800,6.247200,-0.481200
2,3,727.811000,5.464800,-0.343500
2,4,495.784100,6.530200,-0.411000
2,5,375.382000,6.088000,-0.472000
2,6,375.382000,6.088000,-0.472000
2,7,2067.858600,6.849400,-0.259000
2,8,181.454000,6.578600,-0.656700
2,9,4691.633700,7.467100,-0.198900
2,10,211.796200,6.701500,-0.673900
2,11,121.139200,12.662300,-1.298100
2,12,1031.520300,7.661600,-0.359900
2,13,702.185600,5.702500,-0.379800
2,14,433.780700,6.331800,-0.498800
2,15,1181.724400,6.698100,-0.315100
2,16,536.736800,5.580300,-0.410100
2,17,595.106800,5.810300,-0.382100
2,18,422.970400,5.734400,-0.426700
2,19,319.373700,6.396200,-0.569800
2,20,547.948700,7.137200,-0.422000
2,21,293.110500,3.733800,-0.345800
2,22,1089.504500,5.199700,-0.256600
2,23,133.796500,6.405000,-0.832900
2,24,1709.722900,5.888700,-0.228600
2,25,10707.390600,8.467000,-0.186300
2,26,1709.722900,5.888700,-0.228600
2,27,290.333200,5.280100,-0.584600
2,28,59.421400,5.317800,-1.036700
2,29,503.661900,4.954400,-0.208500
2,30,503.661900,4.954400,-0.208500
2,31,89.553500,4.228100,-0.643800
2,32,34749.473600,9.128700,-0.141700
2,33,175.864700,5.089000,-0.462400
2,34,444.561800,3.920500,-0.239700
2,35,55.000000,5.500000,-0.950000
2,36,73.334800,2.654800,-1.246000
2,37,149.586100,2.423100,-0.180000
2,38,1709.722900,5.888700,-0.228600
2,39,1709.722900,5.888700,-0.228600
3,1,223.349200,6.396400,-0.656600
3,2,475.169800,6.247200,-0.481200
3,3,432.218600,6.294100,-0.502800
3,4,290.514200,6.414300,-0.472400
3,5,375.382000,6.088000,-0.472000
3,6,375.382000,6.088000,-0.472000
3,7,247.734800,6.183000,-0.633500
3,8,255.463800,5.557700,-0.605400
3,9,4691.633700,7.467100,-0.198900
3,10,206.321100,9.122700,-0.828100
3,11,139.715900,4.009100,-0.708000
3,12,1031.520300,7.661600,-0.359900
3,13,702.185600,5.702500,-0.379800
3,14,1333.817600,6.621900,-0.312000
3,15,1181.724400,6.698100,-0.315100
3,16,949.104600,5.848200,-0.325100
3,17,595.106800,5.810300,-0.382100
3,18,1560.684800,6.232800,-0.254100
3,19,317.825700,6.828700,-0.603400
3,20,2478.098800,7.076200,-0.245600
3,21,76.517000,2.210700,-0.636500
3,22,484.459100,4.571300,-0.364300
3,23,133.796500,6.405000,-0.832900
3,24,1709.722900,5.888700,-0.228600
3,25,10707.390600,8.467000,-0.186300
3,26,1709.722900,5.888700,-0.228600
3,27,178.644100,4.585200,-0.674600
3,28,59.421400,5.317800,-1.036700
3,29,503.661900,4.954400,-0.208500
3,30,503.661900,4.954400,-0.208500
3,31,73.914700,3.963000,-0.827700
3,32,34749.473600,9.128700,-0.141700
3,33,77.220700,3.518100,-0.589400
3,34,403.322100,4.327100,-0.242200
3,35,55.000000,5.500000,-0.950000
3,36,73.334800,2.654800,-1.246000
3,37,149.586100,2.423100,-0.180000
3,38,1709.722900,5.888700,-0.228600
3,39,1709.722900,5.888700,-0.228600
4,1,380.250500,7.305800,-0.576200
4,2,253.924600,6.613900,-0.591300
4,3,432.218600,6.294100,-0.502800
4,4,5185.987900,8.758100,-0.226500
4,5,375.382000,6.088000,-0.472000
4,6,375.382000,6.088000,-0.472000
4,7,483.375100,7.244300,-0.511100
4,8,97.776900,8.820200,-1.053400
4,9,2245.574100,7.198900,-0.240000
4,10,155.000000,9.122700,-0.828100
4,11,115.891900,4.999900,-0.900600
4,12,1000.000000,6.550300,-0.270000
4,13,1631.376400,6.479000,-0.256900
4,14,1143.625400,6.191300,-0.309600
4,15,1548.414700,6.550300,-0.270000
4,16,540.941000,5.679600,-0.403700
4,17,595.106800,5.810300,-0.382100
4,18,617.762200,5.521300,-0.350800
4,19,263.127400,6.935600,-0.661900
4,20,233.698700,6.905900,-0.616600
4,21,143.999400,3.512400,-0.551100
4,22,88.183800,2.840400,-0.734300
4,23,123.210700,4.125000,-0.554600
4,24,1709.722900,5.888700,-0.228600
4,25,83.745600,8.331600,-1.048000
4,26,1709.722900,5.888700,-0.228600
4,27,178.644100,4.585200,-0.674600
4,28,59.421400,5.317800,-1.036700
4,29,503.661900,4.954400,-0.208500
4,30,503.661900,4.954400,-0.208500
4,31,89.553500,4.228100,-0.643800
4,32,4421.457700,7.056700,-0.194000
4,33,127.169800,4.897700,-0.466800
4,34,403.322100,4.327100,-0.242200
4,35,55.000000,5.500000,-0.950000
4,36,73.334800,2.654800,-1.246000
4,37,149.586100,2.423100,-0.180000
4,38,1709.722900,5.888700,-0.228600
4,39,1709.722900,5.888700,-0.228600
5,1,380.250500,7.305800,-0.576200
5,2,475.169800,6.247200,-0.481200
5,3,432.218600,6.294100,-0.502800
5,4,133.868900,6.779800,-0.737500
5,5,375.382000,6.088000,-0.472000
5,6,375.382000,6.088000,-0.472000
5,7,483.375100,7.244300,-0.511100
5,8,97.776900,8.820200,-1.053400
5,9,1899.320800,6.941800,-0.255300
5,10,206.321100,9.122700,-0.828100
5,11,127.571400,6.345500,-0.864100
5,12,1031.520300,7.661600,-0.359900
5,13,544.372100,6.880400,-0.463800
5,14,433.780700,6.331800,-0.498800
5,15,1181.724400,6.698100,-0.315100
5,16,316.128300,5.965900,-0.574800
5,17,595.106800,5.810300,-0.382100
5,18,617.762200,5.521300,-0.350800
5,19,608.609800,6.087500,-0.416300
5,20,393.980900,6.393000,-0.475100
5,21,106.029600,3.882100,-0.782900
5,22,88.183800,2.840400,-0.734300
5,23,105.129300,5.134100,-0.789300
5,24,1709.722900,5.888700,-0.228600
5,25,1076.427100,6.146500,-0.282200
5,26,1709.722900,5.888700,-0.228600
5,27,178.644100,4.585200,-0.674600
5,28,55.000000,5.500000,-0.950000
5,29,503.661900,4.954400,-0.208500
5,30,503.661900,4.954400,-0.208500
5,31,89.553500,4.228100,-0.643800
5,32,4421.457700,7.056700,-0.194000
5,33,139.072700,5.206200,-0.540900
5,34,202.974500,3.293600,-0.323300
5,35,55.000000,5.500000,-0.950000
5,36,73.334800,2.654800,-1.246000
5,37,149.586100,2.423100,-0.180000
5,38,1709.722900,5.888700,-0.228600
5,39,1709.722900,5.888700,-0.228600
6,1,237.918900,7.794800,-0.726100
6,2,475.169800,6.247200,-0.481200
6,3,432.218600,6.294100,-0.502800
6,4,133.868900,6.779800,-0.737500
6,5,375.382000,6.088000,-0.472000
6,6,375.382000,6.088000,-0.472000
6,7,483.375100,7.244300,-0.511100
6,8,97.776900,8.820200,-1.053400
6,9,4691.633700,7.467100,-0.198900
6,10,206.321100,9.122700,-0.828100
6,11,105.445300,7.969400,-1.091600
6,12,1031.520300,7.661600,-0.359900
6,13,702.185600,5.702500,-0.379800
6,14,514.157500,6.300400,-0.465100
6,15,1181.724400,6.698100,-0.315100
6,16,439.119500,5.817600,-0.485400
6,17,595.106800,5.810300,-0.382100
6,18,1012.126700,6.095700,-0.308300
6,19,395.497600,6.422200,-0.532000
6,20,192.960900,7.387600,-0.723100
6,21,160.217100,3.304400,-0.529900
6,22,10099.720900,7.637500,-0.162100
6,23,133.796500,6.405000,-0.832900
6,24,1709.722900,5.888700,-0.228600
6,25,10707.390600,8.467000,-0.186300
6,26,1709.722900,5.888700,-0.228600
6,27,178.644100,4.585200,-0.674600
6,28,55.000000,5.500000,-0.950000
6,29,503.661900,4.954400,-0.208500
6,30,503.661900,4.954400,-0.208500
6,31,73.914700,3.963000,-0.827700
6,32,34749.473600,9.128700,-0.141700
6,33,139.072700,5.206200,-0.540900
6,34,444.561800,3.920500,-0.239700
6,35,55.000000,5.500000,-0.950000
6,36,73.334800,2.654800,-1.246000
6,37,149.586100,2.423100,-0.180000
6,38,1709.722900,5.888700,-0.228600
6,39,1709.722900,5.888700,-0.228600
