pvcode,pvref,habpvr
CD,639,CDC421
CDC0,639,CDC421
CDC1,639,CDC421
CDC2,639,CDC421
CDC3,639,CDC421
CDC321,641,CDC421
CDC322,641,CDC421
CDC323,641,CDC421
CDC4,639,CDC421
CDC412,639,CDC412
CDC421,641,CDC421
CDC422,641,CDC421
CDC431,639,CDC431
CDC432,639,CDC432
CDC5,639,CDC521
CDC511,635,CDC511
CDC511,639,CDC511
CDC512,635,CDC421
CDC512,639,CDC421
CDC521,641,CDC521
CDC6,639,CDS521
CDC7,639,CDS521
CDC710,647,CDS521
CDC710,648,CDS521
CDC710,650,CDS521
CDC711,616,CDS511
CDC711,639,CDS511
CDC712,616,CDS521
CDC712,639,CDS521
CDC712,648,CDS521
CDC713,616,CDS521
CDC713,639,CDS521
CDC714,648,CDS521
CDC714,650,CDS521
CDC715,647,CDS521
CDF0,639,CDS521
CDF1,639,CDS511
CDF2,639,CDS521
CDF211,639,CDS521
CDF3,639,CDS521
CDF311,639,CDS521
CDF312,639,CDS521
CDF313,640,CDS521
CDF4,639,CDS521
CDF411,626,CDS521
CDF411,639,CDS521
CDF911,639,CDF911
CDG0,639,CDC421
CDG1,639,CDC421
CDG111,604,CDC511
CDG111,622,CDC421
CDG111,639,CDC421
CDG111,640,CDC421
CDG112,622,CDC421
CDG112,628,CDC421
CDG112,639,CDC421
CDG112,640,CDC421
CDG113,639,CDC421
CDG121,615,CDC421
CDG121,632,CDC421
CDG121,639,CDC421
CDG121,640,CDC421
CDG122,631,CDC421
CDG122,632,CDC421
CDG122,639,CDC421
CDG123,609,CDC421
CDG123,627,CDC421
CDG123,639,CDC421
CDG131,609,CDC421
CDG131,626,CDC421
CDG131,627,CDC421
CDG131,631,CDC421
CDG131,638,CDC421
CDG131,639,CDC421
CDG132,626,CDC421
CDG132,639,CDC421
CDG134,626,CDC421
CDG134,639,CDC421
CDG141,619,CDC421
CDG141,639,CDC421
CDG142,639,CDC421
CDG2,639,CDC421
CDG3,639,CDC421
CDG311,609,CDC511
CDG311,627,CDC511
CDG311,639,CDC511
CDG321,619,CDC511
CDG321,639,CDC511
CDG322,626,CDC511
CDG322,639,CDC511
CDG323,626,CDC511
CDG323,639,CDC511
CDG331,628,CDC511
CDG331,639,CDC511
CDG332,631,CDC511
CDG332,639,CDC511
CDG333,640,CDC511
CDG8,639,CDC421
CDH0,639,CDC421
CDH1,639,CDS511
CDH111,639,CDH111
CDH121,639,CDH121
CDH142,639,CDH142
CDH2,639,CDS511
CDH3,639,CDC421
CDH321,641,CDC421
CDH4,639,CDS521
CDH5,639,CDS521
CDH521,641,CDS521
CDH522,641,CDS511
CDH524,641,CDS511
CDH6,639,CDS511
CDRR,639,CDC421
CDRS,639,CDC421
CDRX,639,CDC421
CDS0,639,CDS521
CDS1,639,CDS511
CDS112,639,CDS112
CDS121,641,CDS511
CDS122,641,CDC511
CDS123,641,CDC511
CDS124,647,CDC511
CDS124,648,CDC511
CDS124,650,CDC511
CDS151,603,CDC511
CDS151,639,CDC511
CDS2,639,CDC511
CDS211,616,CDS511
CDS211,639,CDS511
CDS212,616,CDS511
CDS212,639,CDS511
CDS212,647,CDS511
CDS212,648,CDS511
CDS213,616,CDS511
CDS213,639,CDS511
CDS213,647,CDS511
CDS213,648,CDS511
CDS214,641,CDS521
CDS215,641,CDS511
CDS216,647,CDS511
CDS216,648,CDS511
CDS216,650,CDS511
CDS217,647,CDS511
CDS217,648,CDS511
CDS217,650,CDS511
CDS221,618,CDS511
CDS221,639,CDS511
CDS231,619,CDS511
CDS231,639,CDS511
CDS241,620,CDS511
CDS241,639,CDS511
CDS252,603,CDS511
CDS252,639,CDS511
CDS253,603,CDS511
CDS253,639,CDS511
CDS254,603,CDS511
CDS254,639,CDS511
CDS255,618,CDS521
CDS255,639,CDS521
CDS3,639,CDS521
CDS301,642,CDS521
CDS311,603,CDS521
CDS311,639,CDS521
CDS312,647,CDS511
CDS312,648,CDS511
CDS312,650,CDS511
CDS4,639,CDC511
CDS411,609,CDS511
CDS411,626,CDS511
CDS411,639,CDS511
CDS412,626,CDS511
CDS412,639,CDS511
CDS5,639,CDS511
CDS511,628,CDS511
CDS511,639,CDS511
CDS512,639,CDS511
CDS512,647,CDS511
CDS512,648,CDS511
CDS512,650,CDS511
CDS521,641,CDS521
CDS522,641,CDS511
CDS523,641,CDS511
CDS524,641,CDS521
CDS6,639,CDS521
CDS611,604,CDS511
CDS611,622,CDS511
CDS611,631,CDS511
CDS611,639,CDS511
CDS611,640,CDS511
CDS612,611,CDC421
CDS612,639,CDC421
CDS613,611,CDC421
CDS613,639,CDC421
CDS614,611,CDC421
CDS614,639,CDC421
CDS621,639,CDC421
CDS622,615,CDC421
CDS622,639,CDC421
CDS622,640,CDC421
CDS623,615,CDC421
CDS623,639,CDC421
CDS623,640,CDC421
CDS624,622,CDC421
CDS624,639,CDC421
CDS624,640,CDC421
CDS625,622,CDC421
CDS625,639,CDC421
CDS625,640,CDC421
CDS626,639,CDC421
CDS627,631,CDC421
CDS627,632,CDC421
CDS627,638,CDC421
CDS627,639,CDC421
CDS628,624,CDC421
CDS628,639,CDC421
CDS628,640,CDC421
CDS631,609,CDC511
CDS631,639,CDC511
CDS632,609,CDC421
CDS632,626,CDC421
CDS632,627,CDC421
CDS632,639,CDC421
CDS633,609,CDC421
CDS633,627,CDC421
CDS633,639,CDC421
CDS634,615,CDC421
CDS634,639,CDC421
CDS634,640,CDC421
CDS635,631,CDC421
CDS635,639,CDC421
CDS636,626,CDC421
CDS636,639,CDC421
CDS637,626,CDC421
CDS637,639,CDC421
CDS638,626,CDC421
CDS638,639,CDC421
CDS639,626,CDC421
CDS639,639,CDC421
CDS640,626,CDC421
CDS640,639,CDC421
CDS641,616,CDC421
CDS641,639,CDC421
CDS642,640,CDC421
CDS651,618,CDC421
CDS651,639,CDC421
CDS652,636,CDC421
CDS652,639,CDC421
CDS653,626,CDC421
CDS653,639,CDC421
CDS654,626,CDC511
CDS654,639,CDC511
CDS655,626,CDC421
CDS655,639,CDC421
CDS661,619,CDC421
CDS661,639,CDC421
CDS662,619,CDC421
CDS662,639,CDC421
CDS663,641,CDC421
CDS664,640,CDC421
CDS671,639,CDC511
CDS672,639,CDC511
CDS673,626,CDC511
CDS673,639,CDC511
CDS674,626,CDC511
CDS674,639,CDC511
CDS675,626,CDC511
CDS675,639,CDC511
CDS7,628,CDC511
CDS7,639,CDC511
CDS711,604,CDC511
CDS711,615,CDC511
CDS711,622,CDC511
CDS711,639,CDC511
CDS711,640,CDC511
CDS715,609,CDC511
CDS715,627,CDC511
CDS715,631,CDC511
CDS715,638,CDC511
CDS715,639,CDC511
CDS716,627,CDC511
CDS716,631,CDC511
CDS716,639,CDC511
CDS717,639,CDC511
CDS721,632,CDC511
CDS721,639,CDC511
CDS722,615,CDC511
CDS722,639,CDC511
CDS722,640,CDC511
CDS723,639,CDC511
CDS724,624,CDC511
CDS724,639,CDC511
CDS724,640,CDC511
CDS725,640,CDC511
CDS8,639,CDC421
CDS811,609,CDC421
CDS811,639,CDC421
CDS812,615,CDC421
CDS812,639,CDC421
CDS812,640,CDC421
CDS813,627,CDC421
CDS813,639,CDC421
CDS814,627,CDC421
CDS814,639,CDC421
CDS815,639,CDC421
CDS821,622,CDC421
CDS821,639,CDC421
CDS821,640,CDC421
CDS822,639,CDC421
CDS831,626,CDC421
CDS831,639,CDC421
CDS832,626,CDC421
CDS832,639,CDC421
CDS833,626,CDC421
CDS833,639,CDC421
CDS911,640,CDC421
CDSD,622,CDC421
CDSD,639,CDC421
CDSD,640,CDC421
CH,639,CHS131
CHC0,639,CHS131
CHC1,639,CHS131
CHC2,639,CHS131
CHC211,639,CHS131
CHC212,613,CHS131
CHC212,614,CHS131
CHC212,639,CHS131
CHC213,613,CHS131
CHC213,639,CHS131
CHC221,641,CHS131
CHC3,639,CWS331
CHC311,619,CWS331
CHC311,639,CWS331
CHC321,641,CWS331
CHC322,641,CWS331
CHC4,639,CHS331
CHC421,641,CHS331
CHC5,639,CHS331
CHC521,641,CHS331
CHC551,603,CHS331
CHC551,639,CHS331
CHC552,603,CHS331
CHC552,639,CHS331
CHC553,603,CHS331
CHC553,639,CHS331
CHC6,639,CHS131
CHC621,641,CHS131
CHF0,639,CHS331
CHF1,639,CHS331
CHF110,647,CHS331
CHF110,648,CHS331
CHF110,650,CHS331
CHF111,616,CHS331
CHF111,639,CHS331
CHF112,618,CHS331
CHF112,639,CHS331
CHF120,641,CHS331
CHF121,612,CHS331
CHF121,639,CHS331
CHF122,603,CHS331
CHF122,612,CHS331
CHF122,639,CHS331
CHF123,614,CHS331
CHF123,639,CHS331
CHF124,603,CHS331
CHF124,613,CHS331
CHF124,614,CHS331
CHF124,639,CHS331
CHF125,613,CHS331
CHF125,636,CHS331
CHF125,639,CHS331
CHF131,618,CHS331
CHF131,639,CHS331
CHF132,618,CHS331
CHF132,621,CHS331
CHF132,639,CHS331
CHF133,621,CHS131
CHF133,639,CHS131
CHF134,621,CHS131
CHF134,639,CHS131
CHF135,639,CHS331
CHF141,648,CHS331
CHF141,650,CHS331
CHF142,648,CHS131
CHF142,650,CHS131
CHF150,647,CHS131
CHF150,648,CHS131
CHF150,650,CHS131
CHF151,616,CHS131
CHF151,639,CHS131
CHF2,639,CHS331
CHF211,618,CHS331
CHF211,639,CHS331
CHF220,647,CHS331
CHF220,648,CHS331
CHF220,650,CHS331
CHF221,613,CHS331
CHF221,614,CHS331
CHF221,616,CHS331
CHF221,636,CHS331
CHF221,639,CHS331
CHF221,647,CHS331
CHF221,648,CHS331
CHF222,613,CHS331
CHF222,639,CHS331
CHF223,626,CHS331
CHF223,639,CHS331
CHF231,648,CHS331
CHF231,650,CHS331
CHF232,648,CHS331
CHF232,650,CHS331
CHF250,621,CHS331
CHF250,639,CHS331
CHF3,639,CHS331
CHF311,627,CHS331
CHF311,638,CHS331
CHF311,639,CHS331
CHF312,627,CHS331
CHF312,639,CHS331
CHF313,626,CHS331
CHF313,639,CHS331
CHF321,616,CHS331
CHF321,639,CHS331
CHF321,647,CHS331
CHF321,648,CHS331
CHF4,639,CHS331
CHF421,613,CHS331
CHF421,639,CHS331
CHF422,627,CHS331
CHF422,639,CHS331
CHF5,639,CHS131
CHF511,618,CHS131
CHF511,639,CHS131
CHF521,627,CHS131
CHF521,639,CHS131
CHF531,635,CHS131
CHF531,639,CHS131
CHF911,618,CHS131
CHF911,639,CHS131
CHH0,639,CHS131
CHH1,639,CHS131
CHH121,641,CHS131
CHH122,641,CHS131
CHH123,641,CHS131
CHH2,639,CHS331
CHH3,639,CHS131
CHH321,641,CHS131
CHH351,603,CHS131
CHH351,639,CHS131
CHH4,639,CHS331
CHH5,639,CHS131
CHM0,639,CHS131
CHM1,639,CHS331
CHM111,618,CHS331
CHM111,621,CHS331
CHM111,639,CHS331
CHM121,613,CHS331
CHM121,614,CHS331
CHM121,626,CHS331
CHM121,639,CHS331
CHM121,647,CHS331
CHS0,639,CHS131
CHS1,639,CHS131
CHS110,647,CHS131
CHS110,648,CHS131
CHS110,650,CHS131
CHS111,616,CHS131
CHS111,639,CHS131
CHS112,639,CHS131
CHS113,616,CHS131
CHS113,639,CHS131
CHS114,616,CHS131
CHS114,639,CHS131
CHS117,641,CHS131
CHS118,641,CHS131
CHS119,641,CHS131
CHS121,612,CHS131
CHS121,639,CHS131
CHS122,612,CHS131
CHS122,639,CHS131
CHS123,612,CHS131
CHS123,639,CHS131
CHS124,614,CHS131
CHS124,616,CHS131
CHS124,639,CHS131
CHS125,613,CHS131
CHS125,614,CHS131
CHS125,616,CHS131
CHS125,639,CHS131
CHS126,613,CHS131
CHS126,614,CHS131
CHS126,639,CHS131
CHS127,613,CHS131
CHS127,639,CHS131
CHS128,613,CHS131
CHS128,636,CHS131
CHS128,639,CHS131
CHS129,639,CHS131
CHS130,639,CHS131
CHS131,618,CHS131
CHS131,621,CHS131
CHS131,639,CHS131
CHS132,618,CHS131
CHS132,621,CHS131
CHS132,639,CHS131
CHS133,618,CHS131
CHS133,639,CHS131
CHS134,618,CHS131
CHS134,639,CHS131
CHS135,618,CHS131
CHS135,621,CHS131
CHS135,639,CHS131
CHS136,618,CHS131
CHS136,639,CHS131
CHS137,618,CHS131
CHS137,639,CHS131
CHS138,618,CHS131
CHS138,621,CHS131
CHS138,639,CHS131
CHS139,618,CHS131
CHS139,639,CHS131
CHS140,621,CHS131
CHS140,639,CHS131
CHS141,621,CHS131
CHS141,639,CHS131
CHS142,626,CHS131
CHS142,639,CHS131
CHS143,626,CHS331
CHS143,639,CHS331
CHS144,626,CHS331
CHS144,639,CHS331
CHS151,648,CHS131
CHS151,650,CHS131
CHS152,648,CHS131
CHS152,650,CHS131
CHS153,648,CHS131
CHS153,650,CHS131
CHS154,648,CHS131
CHS154,650,CHS131
CHS155,648,CHS131
CHS155,650,CHS131
CHS156,648,CHS131
CHS156,650,CHS131
CHS157,648,CHS131
CHS157,650,CHS131
CHS158,647,CHS131
CHS158,648,CHS131
CHS158,650,CHS131
CHS159,647,CHS131
CHS159,648,CHS131
CHS159,650,CHS131
CHS160,647,CHS131
CHS160,648,CHS131
CHS160,650,CHS131
CHS161,647,CHS131
CHS161,648,CHS131
CHS161,650,CHS131
CHS162,647,CHS131
CHS162,648,CHS131
CHS162,650,CHS131
CHS163,647,CHS131
CHS163,648,CHS131
CHS163,650,CHS131
CHS164,647,CHS131
CHS164,648,CHS131
CHS164,650,CHS131
CHS2,639,CHS331
CHS211,635,CHS331
CHS211,639,CHS331
CHS219,641,CHS131
CHS220,641,CHS331
CHS221,612,CHS131
CHS221,639,CHS131
CHS222,603,CHS331
CHS222,612,CHS331
CHS222,639,CHS331
CHS222,648,CHS331
CHS223,614,CHS331
CHS223,639,CHS331
CHS224,613,CHS331
CHS224,639,CHS331
CHS225,626,CHS331
CHS225,639,CHS331
CHS226,626,CHS331
CHS226,639,CHS331
CHS227,626,CHS331
CHS227,639,CHS331
CHS228,647,CHS331
CHS228,650,CHS331
CHS230,648,CHS331
CHS230,650,CHS331
CHS231,648,CHS331
CHS231,650,CHS331
CHS232,647,CHS331
CHS251,621,CHS131
CHS251,639,CHS131
CHS3,639,CHS331
CHS311,639,CHS331
CHS312,639,CHS331
CHS313,639,CHS331
CHS314,648,CHS331
CHS314,650,CHS331
CHS319,641,CHS331
CHS320,641,CHS331
CHS321,603,CHS331
CHS321,612,CHS331
CHS321,639,CHS331
CHS322,603,CHS331
CHS322,612,CHS331
CHS322,639,CHS331
CHS322,648,CHS331
CHS323,612,CHS331
CHS323,639,CHS331
CHS323,648,CHS331
CHS324,612,CHS331
CHS324,639,CHS331
CHS324,648,CHS331
CHS325,614,CHS331
CHS325,639,CHS331
CHS326,614,CHS331
CHS326,616,CHS331
CHS326,639,CHS331
CHS326,647,CHS331
CHS327,614,CHS331
CHS327,639,CHS331
CHS328,614,CHS331
CHS328,639,CHS331
CHS329,635,CHS331
CHS329,639,CHS331
CHS331,618,CHS331
CHS331,639,CHS331
CHS332,618,CHS331
CHS332,639,CHS331
CHS333,618,CHS331
CHS333,639,CHS331
CHS334,618,CHS331
CHS334,639,CHS331
CHS335,618,CHS331
CHS335,639,CHS331
CHS350,647,CHS331
CHS350,648,CHS331
CHS350,650,CHS331
CHS351,616,CHS331
CHS351,639,CHS331
CHS352,616,CHS331
CHS352,639,CHS331
CHS353,616,CHS331
CHS353,639,CHS331
CHS354,616,CHS331
CHS354,639,CHS331
CHS354,647,CHS331
CHS355,616,CHS331
CHS355,639,CHS331
CHS355,647,CHS331
CHS356,647,CHS331
CHS356,648,CHS331
CHS356,650,CHS331
CHS357,647,CHS331
CHS357,648,CHS331
CHS357,650,CHS331
CHS4,639,CHS331
CHS411,627,CHS331
CHS411,639,CHS331
CHS420,641,CHS331
CHS421,612,CHS331
CHS421,639,CHS331
CHS421,648,CHS331
CHS422,612,CHS331
CHS422,639,CHS331
CHS422,648,CHS331
CHS423,612,CHS331
CHS423,639,CHS331
CHS423,648,CHS331
CHS5,639,CHS331
CHS511,616,CHS331
CHS511,639,CHS331
CHS512,618,CHS331
CHS512,639,CHS331
CHS513,621,CHS331
CHS513,639,CHS331
CHS514,636,CHS331
CHS514,639,CHS331
CHS521,612,CHS331
CHS521,639,CHS331
CHS521,648,CHS331
CHS522,614,CHS331
CHS522,639,CHS331
CHS522,647,CHS331
CHS523,614,CHS331
CHS523,639,CHS331
CHS524,613,CHS331
CHS524,639,CHS331
CHS525,647,CHS331
CHS6,639,CHS131
CHS609,641,CHS131
CHS610,612,CHS131
CHS610,639,CHS131
CHS610,648,CHS131
CHS611,614,CHS131
CHS611,639,CHS131
CHS611,647,CHS131
CHS612,614,CHS131
CHS612,639,CHS131
CHS613,613,CHS131
CHS613,614,CHS131
CHS613,639,CHS131
CHS613,647,CHS131
CHS614,613,CHS131
CHS614,614,CHS131
CHS614,639,CHS131
CHS614,647,CHS131
CHS615,613,CHS131
CHS615,614,CHS131
CHS615,616,CHS131
CHS615,639,CHS131
CHS615,647,CHS131
CHS616,648,CHS131
CHS616,650,CHS131
CHS621,618,CHS131
CHS621,621,CHS131
CHS621,639,CHS131
CHS622,618,CHS131
CHS622,621,CHS131
CHS622,639,CHS131
CHS623,618,CHS131
CHS623,639,CHS131
CHS624,618,CHS131
CHS624,639,CHS131
CHS625,621,CHS131
CHS625,639,CHS131
CHS626,621,CHS131
CHS626,639,CHS131
CHS7,639,CHS331
CHS711,627,CHS131
CHS711,639,CHS131
CHS8,639,CHS131
CHS821,641,CHS331
CHSC,639,CHS331
CHSD,639,CHS131
CHSF,639,CHS331
CHSM,639,CHS331
CMF211,639,CMF211
CP,639,CPG141
CPC0,639,CPG141
CPC1,639,CPG141
CPC121,641,CPG141
CPC122,641,CPG141
CPC123,641,CPG141
CPC2,639,CPG141
CPC211,605,CPG141
CPC211,639,CPG141
CPC212,640,CPG141
CPC3,639,CPG141
CPC4,639,CPG141
CPC411,639,CPC411
CPC421,641,CPG141
CPC422,641,CPG141
CPC423,641,CPG141
CPC424,641,CPG141
CPC425,641,CPG141
CPC5,639,CPG141
CPC511,639,CPC511
CPC6,639,CPG141
CPC611,635,CPG141
CPC611,639,CPG141
CPC612,635,CPG141
CPC612,639,CPG141
CPC613,635,CPG141
CPC613,639,CPG141
CPC614,635,CPG141
CPC614,639,CPG141
CPC621,641,CPG141
CPF0,639,CPG141
CPF111,605,CPG141
CPF111,611,CPG141
CPF111,639,CPG141
CPF121,635,CPG141
CPF121,639,CPG141
CPF131,635,CPG141
CPG0,639,CPG141
CPG1,639,CPG141
CPG111,604,CPG141
CPG111,622,CPG141
CPG111,639,CPG141
CPG111,640,CPG141
CPG112,604,CPG141
CPG112,622,CPG141
CPG112,639,CPG141
CPG112,640,CPG141
CPG121,631,CPG141
CPG121,632,CPG141
CPG121,638,CPG141
CPG121,639,CPG141
CPG122,631,CPG141
CPG122,632,CPG141
CPG122,638,CPG141
CPG122,639,CPG141
CPG123,632,CPG141
CPG123,639,CPG141
CPG124,639,CPG141
CPG131,615,CPG141
CPG131,639,CPG141
CPG131,640,CPG141
CPG132,615,CPG141
CPG132,639,CPG141
CPG132,640,CPG141
CPG133,639,CPG141
CPG134,639,CPG141
CPG141,626,CPG141
CPG141,639,CPG141
CPG142,626,CPG141
CPG142,639,CPG141
CPG151,638,CPG141
CPG2,639,CPG141
CPG212,611,CPG141
CPG212,639,CPG141
CPG221,622,CPG141
CPG221,639,CPG141
CPG221,640,CPG141
CPG222,622,CPG141
CPG222,639,CPG141
CPG222,640,CPG141
CPG231,626,CPG141
CPG231,639,CPG141
CPG3,639,CPG141
CPG311,639,CDC511
CPG6,639,CPG141
CPH0,639,CPG141
CPH1,639,CPG141
CPH2,639,CPG141
CPH211,619,CPG141
CPH211,639,CPG141
CPH212,619,CPG141
CPH212,639,CPG141
CPH221,641,CPG141
CPH3,639,CPG141
CPH311,605,CPG141
CPH311,639,CPG141
CPH4,639,CPG141
CPH411,639,CPH411
CPM0,639,CPG141
CPM1,639,CPG141
CPM111,604,CPG141
CPM111,639,CPG141
CPM111,640,CPG141
CPM112,624,CPG141
CPM112,639,CPG141
CPM112,640,CPG141
CPRR,639,CDC511
CPRS,639,CDC511
CPRX,639,CDC511
CPS0,639,CDC511
CPS1,622,CDC511
CPS1,639,CPG141
CPS111,606,CDC511
CPS111,611,CDC511
CPS111,639,CDC511
CPS112,611,CDC511
CPS112,639,CDC511
CPS121,605,CPG141
CPS121,639,CPG141
CPS131,622,CPG141
CPS131,639,CPG141
CPS131,640,CPG141
CPS132,640,CPG141
CPS2,639,CPG141
CPS211,605,CPG141
CPS211,606,CPG141
CPS211,610,CPG141
CPS211,611,CPG141
CPS211,639,CPG141
CPS212,606,CDC511
CPS212,611,CDC511
CPS212,639,CDC511
CPS213,611,CDC511
CPS213,639,CDC511
CPS214,611,CDC511
CPS214,639,CDC511
CPS215,611,CDC511
CPS215,639,CDC511
CPS216,611,CPG141
CPS216,639,CPG141
CPS217,605,CPG141
CPS217,611,CPG141
CPS217,639,CPG141
CPS218,611,CPG141
CPS218,639,CPG141
CPS221,604,CPG141
CPS221,622,CPG141
CPS221,639,CPG141
CPS221,640,CPG141
CPS222,622,CPG141
CPS222,639,CPG141
CPS222,640,CPG141
CPS223,639,CPG141
CPS224,639,CPG141
CPS226,622,CPG141
CPS226,639,CPG141
CPS226,640,CDC511
CPS227,631,CDC511
CPS227,632,CDC511
CPS227,635,CDC511
CPS227,638,CDC511
CPS227,639,CDC511
CPS228,635,CDC511
CPS228,639,CDC511
CPS229,631,CDC511
CPS229,640,CDC511
CPS231,615,CDC511
CPS231,639,CDC511
CPS231,640,CDC511
CPS232,622,CDC511
CPS232,639,CDC511
CPS232,640,CC511
CPS233,622,CDC511
CPS233,639,CDC511
CPS233,640,CDC511
CPS234,622,CDC511
CPS234,639,CDC511
CPS234,640,CDC511
CPS241,626,CDC511
CPS241,639,CDC511
CPS3,639,CDC511
CPS311,611,CDC511
CPS311,639,CDC511
CPS312,611,CDC511
CPS312,639,CDC511
CPS314,611,CDC511
CPS314,639,CDC511
CPS321,639,CPS321
CPS4,639,CDC511
CPS5,639,CDC511
CPS511,617,CDC511
CPS511,624,CDC511
CPS511,639,CDC511
CPS511,640,CDC511
CPS512,639,CDC511
CPS521,631,CDC511
CPS521,632,CDC511
CPS521,638,CDC511
CPS521,639,CDC511
CPS522,615,CDC511
CPS522,639,CDC511
CPS522,640,CDC511
CPS523,615,CDC511
CPS523,639,CDC511
CPS523,640,CDC511
CPS524,622,CDC511
CPS524,639,CDC511
CPS524,640,CDC511
CPS525,622,CDC511
CPS525,639,CDC511
CPS525,640,CDC511
CPS526,639,CDC511
CPS527,639,CDC511
CPS6,639,CDC511
CPS61,640,CDC511
CPS611,639,CPS611
CPS7,639,CDC511
CPS721,632,CDC511
CPS721,639,CDC511
CPS722,640,CDC511
CPS8,640,CDC511
CPS9,640,CDC511
CPX104,639,CDC511
CPX120,639,CDC511
CPX204,639,CDC511
CPX220,639,CDC511
CPX304,639,CDC511
CPX320,639,CDC511
CPX404,639,CDC511
CPX420,639,CDC511
CPX504,639,CDC511
CPX520,639,CDC511
CPY104,639,CDC511
CQ,639,CDC511
CQ,641,CDC511
CQC121,641,CDC511
CQF111,639,CQF111
CQF021,641,CDC511
CQH121,641,CDC511
CQM111,640,CDC511
CR,639,CWC721
CRC0,639,CWC721
CRC1,639,CWC721
CRC2,639,CWC721
CRC3,639,CWC721
CRC321,641,CWC721
CRC322,641,CWC721
CRC323,641,CWC721
CRC324,641,CWC721
CRC421,641,CWC721
CRC521,641,CWC721
CRF211,639,CRF211
CRF0,639,CWC721
CRF021,641,CWC721
CRF1,639,CWC721
CRF2,639,CWC721
CRG0,639,CWC721
CRG111,606,CWC721
CRG111,639,CWC721
CRH0,639,CWC721
CRH1,639,CWC721
CRH111,639,CRH111
CRS0,639,CWC721
CRS1,639,CWC721
CRS111,611,CWC721
CRS111,639,CWC721
CRS112,606,CWC721
CRS112,639,CWC721
CRS2,639,CWC721
CRS211,639,CRS211
CRS3,639,CWC721
CRS311,606,CWC721
CRS311,639,CWC721
CRS313,639,CWC721
CRS4,639,CWC721
CRS421,641,CWC721
CRS521,641,CWC721
CS,639,CHS331
CSC0,639,CHS331
CSC121,641,CHS331
CSF0,639,CHS331
CSF1,639,CHS331
CSF111,618,CHS331
CSF111,639,CHS331
CSF121,612,CHS331
CSF121,639,CHS331
CSF121,648,CHS331
CSF2,639,CHS331
CSF3,639,CHS331
CSF321,612,CHS331
CSF321,639,CHS331
CSF321,648,CHS331
CSH0,639,CHS331
CSH1,639,CHS331
CSH2,639,CHS331
CSH3,639,CHS331
CSH401,642,CHS331
CSM0,639,CHS331
CSM1,639,CHS331
CSS0,639,CHS331
CSS1,639,CHS331
CSS101,642,CHS331
CSS2,639,CHS331
CSS221,612,CHS331
CSS221,639,CHS331
CSS3,639,CHS331
CSS321,612,CHS331
CSS321,639,CHS331
CSS321,648,CHS331
CSS322,642,CHS331
CSS323,641,CHS331
CSS4,639,CHS331
CSS411,634,CHS331
CSS411,639,CHS331
CSS412,634,CHS331
CSS412,639,CHS331
CSS421,634,CHS331
CSS421,639,CHS331
CSS422,634,CHS331
CSS422,639,CHS331
CSS5,639,CHS331
CSS521,612,CHS331
CSS521,639,CHS331
CSS521,648,CHS331
CSS522,612,CHS331
CSS522,639,CHS331
CSS522,648,CHS331
CSS6,639,CHS331
CSS621,612,CHS331
CSS621,639,CHS331
CSS7,639,CHS331
CT,639,CWS331
CT,641,CWS331
CTC121,641,CWS331
CTC221,641,CHS331
CTC222,641,CHS331
CTH0,639,CWC721
CTH1,639,CWC721
CTH121,641,CHS131
CTH2,639,CHS331
CTS0,639,CHS131
CTS1,639,CHS131
CTS112,639,CTS112
CTS121,641,CHS331
CTS2,639,CHS131
CTS221,641,CHS331
CTS3,639,CWC721
CTS311,639,CTS311
CTS321,641,CWC721
CTS404,642,CWC721
CTS521,641,CWC721
CW,639,CWS331
CWC0,639,CWS331
CWC1,639,CWC221
CWC111,605,CWC221
CWC111,639,CWC221
CWC2,639,CWC221
CWC211,611,CWC221
CWC211,639,CWC221
CWC212,611,CWC221
CWC212,639,CWC221
CWC213,611,CWC221
CWC213,639,CWC221
CWC214,639,CWC221
CWC215,606,CWC221
CWC215,639,CWC221
CWC221,641,CWC221
CWC231,639,CWC231
CWC232,639,CWC232
CWC233,639,CWC233
CWC241,639,CWC241
CWC3,639,CWS331
CWC311,605,CWS331
CWC311,639,CWS331
CWC4,639,CWS331
CWC411,605,CWS331
CWC411,639,CWS331
CWC412,605,CWS331
CWC412,639,CWS331
CWC5,639,CWS331
CWC511,619,CWS331
CWC511,639,CWS331
CWC521,641,CWC521
CWC522,639,CWC522
CWC523,639,CWC523
CWC6,639,CWS331
CWC621,641,CWS331
CWC622,641,CWS331
CWC7,639,CWS331
CWC721,641,CWC721
CWC722,641,CWC722
CWC723,641,CWC723
CWC8,639,CWS331
CWC811,622,CWC811
CWC811,639,CWC811
CWC811,640,CWC811
CWC812,622,CWS331
CWC812,631,CWS331
CWC812,639,CWS331
CWC812,640,CWS331
CWC9,639,CWC911
CWC911,639,CWC911
CWF0,639,CWS523
CWF1,639,CWS523
CWF2,639,CWS331
CWF211,616,CWS331
CWF211,639,CWS331
CWF211,647,CWS331
CWF3,639,CWS523
CWF311,604,CWS523
CWF311,615,CWS523
CWF311,639,CWS523
CWF311,640,CWS523
CWF312,622,CWS523
CWF312,639,CWS523
CWF312,640,CWS523
CWF313,631,CWS523
CWF313,638,CWS523
CWF313,639,CWS523
CWF321,619,CWS523
CWF321,639,CWS523
CWF4,639,CWS523
CWF421,615,CWS523
CWF421,622,CWS523
CWF421,639,CWS523
CWF421,640,CWS523
CWF422,615,CWS523
CWF422,639,CWS523
CWF422,640,CWS523
CWF423,639,CWS523
CWF424,640,CWS523
CWF431,617,CWS523
CWF431,639,CWS523
CWF444,626,CWS523
CWF444,639,CWS523
CWF444,640,CWS523
CWF5,639,CWS523
CWF511,615,CWS523
CWF511,639,CWS523
CWF511,640,CWS523
CWF512,622,CWS523
CWF512,639,CWS523
CWF512,640,CWS523
CWF521,619,CWS523
CWF521,639,CWS523
CWF522,619,CWS523
CWF522,639,CWS523
CWF523,619,CWS523
CWF523,639,CWS523
CWF524,626,CWS523
CWF524,639,CWS523
CWF531,639,CWS523
CWF532,639,CWS523
CWF541,641,CWC721
CWF551,631,CWS523
CWF6,639,CWC221
CWF611,622,CWC221
CWF611,624,CWC221
CWF611,639,CWC221
CWF611,640,CWC221
CWF612,622,CWC221
CWF612,639,CWC221
CWF612,640,CWC221
CWF613,624,CWS523
CWF613,639,CWS523
CWF613,640,CWS523
CWF911,639,CWF911
CWFC,639,CWS523
CWFM,639,CWS523
CWG0,639,CWS331
CWG1,639,CWS331
CWG111,604,CWS331
CWG111,622,CWS331
CWG111,639,CWS331
CWG111,640,CWS331
CWG112,604,CWS331
CWG112,615,CWS331
CWG112,639,CWS331
CWG112,640,CWS331
CWG113,622,CWS331
CWG113,639,CWS331
CWG113,640,CWS331
CWG114,639,CWS331
CWG121,619,CWS331
CWG121,639,CWS331
CWG122,620,CWS331
CWG122,639,CWS331
CWG123,620,CWS331
CWG123,639,CWS331
CWG124,626,CWS331
CWG124,639,CWS331
CWG125,626,CWS331
CWG125,639,CWS331
CWG2,639,CWC221
CWG211,622,CWC221
CWG211,639,CWC221
CWG211,640,CWC221
CWH0,639,CWC221
CWH1,639,CWC221
CWH111,611,CWC221
CWH111,639,CWC221
CWH112,606,CWC221
CWH112,639,CWC221
CWH2,639,CWS331
CWH211,605,CWS331
CWH211,639,CWS331
CWH3,639,CWS331
CWH312,639,CWH312
CWH321,641,CWS331
CWH4,639,CWS331
CWH413,639,CWH413
CWH5,639,CWS331
CWH511,639,CWH511
CWH521,639,CWH521
CWH531,639,CWH531
CWM0,639,CWS331
CWM1,639,CWS523
CWM111,606,CWS523
CWM111,639,CWS523
CWM2,639,CWS523
CWM210,625,CWS523
CWM210,639,CWS523
CWM311,640,CWS523
CWS0,639,CWS523
CWS1,639,CWS331
CWS112,611,CWS331
CWS112,639,CWS331
CWS113,611,CWS331
CWS113,639,CWS331
CWS114,611,CWS331
CWS114,639,CWS331
CWS115,611,CWS331
CWS115,639,CWS331
CWS116,606,CWS331
CWS116,639,CWS331
CWS117,605,CWS331
CWS117,639,CWS331
CWS121,635,CWS331
CWS121,639,CWS331
CWS2,639,CWS331
CWS211,604,CWS331
CWS211,615,CWS331
CWS211,639,CWS331
CWS211,640,CWS331
CWS212,622,CWS331
CWS212,639,CWS331
CWS212,640,CWS331
CWS213,635,CWS331
CWS213,639,CWS331
CWS214,627,CWS331
CWS214,639,CWS331
CWS221,620,CWS331
CWS221,639,CWS331
CWS222,620,CWS331
CWS222,639,CWS331
CWS223,620,CWS331
CWS223,639,CWS331
CWS224,620,CWS331
CWS224,639,CWS331
CWS225,626,CWS331
CWS225,639,CWS331
CWS226,626,CWS331
CWS226,639,CWS331
CWS227,641,CWS331
CWS228,641,CWS331
CWS229,641,CWS331
CWS231,639,CWS331
CWS232,639,CWS331
CWS232,640,CWS331
CWS3,639,CWS331
CWS311,639,CWS331
CWS312,606,CWS331
CWS312,639,CWS331
CWS313,605,CWS331
CWS313,639,CWS331
CWS314,624,CWS331
CWS314,639,CWS331
CWS314,640,CWS331
CWS321,615,CWS331
CWS321,639,CWS331
CWS321,640,CWS331
CWS322,622,CWS331
CWS322,639,CWS331
CWS322,640,CWS331
CWS323,639,CWS331
CWS331,619,CWS331
CWS331,639,CWS331
CWS332,620,CWS331
CWS332,639,CWS331
CWS333,635,CWS331
CWS333,639,CWS331
CWS334,635,CWS331
CWS334,639,CWS331
CWS335,626,CWS331
CWS335,639,CWS331
CWS336,626,CWS331
CWS336,639,CWS331
CWS337,626,CWS331
CWS337,639,CWS331
CWS338,626,CWS331
CWS338,639,CWS331
CWS341,641,CWS331
CWS342,641,CWS331
CWS4,639,CWS331
CWS412,615,CWS331
CWS412,639,CWS331
CWS412,640,CWS331
CWS421,627,CWS331
CWS421,639,CWS331
CWS422,627,CWS331
CWS422,639,CWS331
CWS423,640,CWS331
CWS5,639,CWS331
CWS511,639,CWS331
CWS521,616,CWS331
CWS521,639,CWS331
CWS521,647,CWS331
CWS522,616,CWS331
CWS522,639,CWS331
CWS522,647,CWS331
CWS522,648,CWS331
CWS523,641,CWS523
CWS524,641,CWS331
CWS525,641,CWS523
CWS526,641,CWS523
CWS527,647,CWS523
CWS527,648,CWS523
CWS527,650,CWS523
CWS528,647,CWS523
CWS528,648,CWS523
CWS528,650,CWS523
CWS529,647,CWS523
CWS529,648,CWS523
CWS529,650,CWS523
CWS531,619,CWC221
CWS531,639,CWC221
CWS532,619,CWS523
CWS532,639,CWS523
CWS533,619,CWC221
CWS533,639,CWC221
CWS534,620,CWC221
CWS534,639,CWC221
CWS535,620,CWS523
CWS535,639,CWS523
CWS536,620,CWS523
CWS536,639,CWS523
CWS537,620,CWS523
CWS537,639,CWS523
CWS538,635,CWS523
CWS538,639,CWS523
CWS541,622,CWS523
CWS541,639,CWS523
CWS541,640,CWS523
CWS542,639,CWS523
CWS543,624,CWS523
CWS543,639,CWS523
CWS543,640,CWS523
CWS551,626,CWS523
CWS551,639,CWS523
CWS552,626,CWS331
CWS552,639,CWS331
CWS553,626,CWS331
CWS553,639,CWS331
CWS554,626,CWS331
CWS554,639,CWS331
CWS555,647,CWS331`
CWS555,648,CWS331
CWS555,650,CWS331
CWS6,639,CWS331
CWS621,641,CWS331
CWS622,647,CWS331
CWS622,648,CWS331
CWS622,650,CWS331
CWS7,639,CWS331
CWS711,635,CWS331
CWS711,639,CWS331
CWS712,635,CWS331
CWS712,639,CWS331
CWS722,632,CWS331
CWS722,639,CWS331
CWS8,639,CWS331
CWS811,604,CWS331
CWS811,622,CWS331
CWS811,639,CWS331
CWS811,640,CWS331
CWS812,622,CWS331
CWS812,639,CWS331
CWS812,640,CWS331
CWS821,627,CWS331
CWS821,639,CWS331
CWS822,639,CWS331
CWS911,611,CWC521
CWS911,639,CWC521
CWS912,615,CWS331
CWS912,639,CWS331
CWS912,640,CWS331
CWSC,639,CWS331
CWSM,639,CWS331
CWX104,639,CWS523
CWX120,639,CWS523
CWX204,639,CWS523
CWX220,639,CWS523
CWX320,639,CWS523
CWX420,639,CWS523
CWY104,639,CWS523
CWY204,639,CWS523
CWY304,639,CWS523
CWY404,639,CWS523
CX,639,CWS523
HTH111,639,HTH111
HTH311,639,HTH311
HTS311,639,HTS311
HTS312,639,HTS312
HTS341,639,HTS341
NCC2,639,CHS131
NCC3,639,CDC421
NCC4,639,CDC421
NCC6,639,CDC511
